abbreve,2
abigailedge,3
abilities,4
ability,5
abke,6
able,7
aboard,8
absent,9
absolute,10
absolutely,11
absorbs,12
absurd,13
abt,14
abundance,15
abuse,16
abysmal,17
accelerate,18
accent,19
accept,20
acceptable,21
accepted,22
accepting,23
access,24
accessed,25
accessing,26
accessories,27
accessory,28
accident,29
accidentally,30
accidently,31
accidents,32
accommodate,33
accommodation,34
accommodations,35
accompany,36
according,37
account,38
accountability,39
accountable,40
accountone,41
accounts,42
accruing,43
acct,44
accurate,45
accurateit,46
accurately,47
accuratetraveltimes,48
accustomed,49
achieves,50
acknowledge,51
acknowledgment,52
acosta,53
acquire,54
across,55
act,56
acted,57
action,58
actions,59
activate,60
activated,61
activation,62
active,63
actively,64
activities,65
activity,66
acts,67
actual,68
actually,69
adam,70
adamkarren,71
adams,72
adapt,73
adaptable,74
adapted,75
adapter,76
adapting,77
adapts,78
add,79
addair,80
added,81
addicted,82
addictedeasy,83
addictive,84
adding,85
addition,86
additional,87
additionally,88
addon,89
addons,90
addr,91
address,92
addressed,93
addresses,94
addressusername,95
adds,96
addtion,97
addtl,98
adequate,99
adjacent,100
adjust,101
adjustable,102
adjusting,103
adjusts,104
adopted,105
adopting,106
adorable,107
adore,108
adult,109
adults,110
adultsa,111
advance,112
advanced,113
advantage,114
adventure,115
advertise,116
advertised,117
advertisements,118
advertising,119
advice,120
advise,121
advised,122
advising,123
advisory,124
aegeanairlines,125
aerocivilcol,126
aeroport,127
aesthetics,128
affect,129
affected,130
affiliate,131
affiliates,132
afford,133
affordable,134
afiliates,135
afraid,136
afterall,137
afternoon,138
again,139
againflying,140
against,141
againto,142
age,143
ageappropriate,144
aged,145
agents,146
ages,147
aggiemensgolf,148
aggravation,149
aggressive,150
aging,151
agnt,152
ago,153
agoyet,154
agree,155
agreement,156
agrivating,157
ah,158
ahead,159
aidens,160
aint,161
airborne,162
airbus,163
airportfra,164
airports,165
airserv,166
airways,167
aker,168
alarm,169
alarms,170
alaskaair,171
alavera,172
alb,173
albany,174
albanyairport,175
albuquerque,176
alert,177
alerted,178
alerts,179
alex,180
alexaecho,181
alexaenabled,182
alexais,183
alexas,184
alexashe,185
alexawe,186
alexaâ,187
alexia,188
alexis,189
alexs,190
ali,191
alike,192
alittle,193
alittlebetter,194
alive,195
all,196
alliance,197
allinone,198
allotted,199
allow,200
allowance,201
allowed,202
allowing,203
allows,204
allright,205
alone,206
alot,207
aloud,208
alphabet,209
already,210
alreadyrebookedonce,211
alright,212
alternate,213
alternative,214
alternatives,215
although,216
altitude,217
always,218
alwaysdelayedonunited,219
alwayslate,220
am,221
amaizin,222
amarillo,223
amazed,224
amazefor,225
amazes,226
amazin,227
amazing,228
amazingbought,229
amazingly,230
amazings,231
amazoncom,232
amazone,233
amazoni,234
amazons,235
amazonso,236
ambassador,237
amenity,238
americanairlines,239
americanisbetter,240
americanone,241
amnt,242
among,243
amongst,244
amount,245
amped,246
amplifier,247
amplitude,248
amplitudes,249
ampwebsite,250
amsterdam,251
amszing,252
anaphylaxiswill,253
ancient,254
andchexmix,255
andi,256
andrews,257
angeles,258
angle,259
angled,260
angles,261
angriest,262
angry,263
angstiest,264
anniversary,265
announce,266
announced,267
announcement,268
announcements,269
annoyance,270
annoyed,271
annoying,272
annricord,273
annual,274
ans,275
ansleyhutson,276
answer,277
answered,278
answering,279
answers,280
anthony,281
anticipated,282
anticonsumer,283
anxiety,284
anymore,285
anyones,286
anyonethere,287
anythingplay,288
anytime,289
anyway,290
apart,291
apartment,292
apathy,293
apeared,294
apollochplayers,295
apologies,296
apologize,297
apology,298
apostrophe,299
apostrophefail,300
appalled,301
appalling,302
apparently,303
appear,304
appears,305
appliances,306
applicable,307
application,308
applications,309
applied,310
apply,311
applying,312
appointment,313
appointments,314
appreciate,315
appreciated,316
appreciation,317
apprehensive,318
approach,319
approaching,320
appropriate,321
appropriately,322
approve,323
approved,324
approx,325
apps,326
appsbooksvideos,327
appstore,328
appt,329
apt,330
area,331
areagreat,332
areas,333
arent,334
arenâ,335
argueing,336
arguing,337
argument,338
arlo,339
arm,340
arming,341
armrest,342
arms,343
arose,344
arrange,345
arranged,346
arrival,347
arrive,348
arrived,349
arrives,350
arriving,351
arrogant,352
art,353
article,354
articles,355
artificial,356
artisanal,357
asap,358
ashamed,359
ashley,360
asia,361
ask,362
asked,363
askes,364
asking,365
askrequest,366
asks,367
asleep,368
aspect,369
aspects,370
aspen,371
aspenbaggagefail,372
ass,373
assaulted,374
asses,375
assets,376
assign,377
assigned,378
assignment,379
assist,380
assistance,381
assistancenone,382
assistant,383
assistants,384
assisting,385
assists,386
associate,387
associated,388
assume,389
assumed,390
assuming,391
assurance,392
assure,393
assured,394
astounding,395
astounds,396
atlanta,397
atlantic,398
atlord,399
atlsuits,400
atrocious,401
att,402
attached,403
attaching,404
attained,405
attempt,406
attempted,407
attempting,408
attend,409
attendant,410
attendants,411
attendents,412
attention,413
attentiveness,414
attitude,415
attracted,416
atx,417
auciello,418
audible,419
audiblecom,420
audio,421
audiobooks,422
audiophilesbut,423
aunts,424
aus,425
austin,426
austindallas,427
australia,428
austrian,429
authors,430
autism,431
auto,432
automate,433
automated,434
automatically,435
automating,436
automation,437
auxiliary,438
av,439
avail,440
availab,441
availability,442
available,443
avalible,444
avalonhollywood,445
average,446
averaging,447
averted,448
avgeek,449
aviation,450
avid,451
avis,452
aviv,453
avoid,454
avoidable,455
avoided,456
avoiding,457
aw,458
awaiting,459
award,460
awards,461
aware,462
away,463
awayhere,464
awaynow,465
aweful,466
awesome,467
awesomeitâ,468
awesomemy,469
awesomeness,470
awful,471
awfulness,472
awhile,473
awkward,474
awseome,475
awsome,476
awsum,477
azi,478
babies,479
baby,480
bach,481
back,482
backend,483
background,484
backing,485
backlight,486
backlights,487
backlit,488
backlog,489
backpacking,490
backtowinter,491
backup,492
backupand,493
backvery,494
backwards,495
backyard,496
bad,497
badbadbad,498
badges,499
badly,500
badmaybe,501
badservice,502
baftz,503
bag,504
bagage,505
bagcould,506
bagdisgutedindenver,507
baggage,508
baggageheard,509
baggageissues,510
baggages,511
bags,512
bagsno,513
bagswhich,514
bagyet,515
bahamas,516
bait,517
baked,518
balance,519
balancing,520
baldordash,521
ball,522
baller,523
bangkok,524
bank,525
bankrupt,526
banned,527
bar,528
barbara,529
barebones,530
barely,531
barrel,532
bascially,533
base,534
based,535
basement,536
basic,537
basically,538
basics,539
basis,540
basketball,541
bass,542
bastards,543
bath,544
bathroom,545
battery,546
battling,547
bausa,548
bay,549
bb,550
bd,551
bds,552
beach,553
beans,554
beat,555
beats,556
beatstheothers,557
beautiful,558
beautifull,559
beautifully,560
beauty,561
bed,562
bedroom,563
bedrooms,564
bedroomâ,565
bedside,566
bedt,567
beer,568
beers,569
befor,570
beg,571
begging,572
begin,573
beginner,574
beginners,575
beginning,576
begins,577
begrudgingly,578
behalf,579
behaves,580
being,581
beingsuckontarmacsucks,582
belabor,583
belfast,584
belfastairport,585
belief,586
believe,587
believing,588
belize,589
bell,590
belli,591
bells,592
belong,593
belongings,594
belt,595
ben,596
bench,597
beneficial,598
benefit,599
benefits,600
bereavement,601
bergstrom,602
best,603
bestbuy,604
bestcrew,605
bestfast,606
besti,607
bet,608
beta,609
betterfrom,610
betting,611
bettween,612
beverage,613
beware,614
bf,615
bff,616
bhxofficial,617
bigger,618
bill,619
bin,620
bing,621
binge,622
bio,623
bird,624
birthdate,625
bish,626
bit,627
biz,628
biztravel,629
bk,630
bked,631
bkk,632
black,633
blame,634
blamed,635
blaming,636
blank,637
blankets,638
blast,639
blasting,640
blatant,641
blatantly,642
blazer,643
blew,644
blind,645
blinded,646
bloated,647
block,648
blocked,649
blocking,650
blocks,651
blog,652
blogs,653
blood,654
blotches,655
blow,656
blowing,657
blue,658
bluetooth,659
blurbs,660
board,661
boarded,662
boarding,663
boardingpass,664
boards,665
bobwesson,666
body,667
bogota,668
bogotç,669
bohol,670
boiled,671
boise,672
boken,673
bold,674
boldflavors,675
bom,676
bonus,677
bonuses,678
boo,679
book,680
bookable,681
booked,682
booking,683
booklet,684
books,685
bookshelves,686
boom,687
booming,688
boomto,689
boost,690
boosted,691
boot,692
booted,693
boots,694
booze,695
border,696
borderline,697
bored,698
boredom,699
boring,700
born,701
bos,702
bose,703
bosfll,704
bosgtlas,705
boslas,706
bosnia,707
boston,708
bot,709
bother,710
bothered,711
bots,712
bottle,713
bottom,714
bounce,715
bounced,716
bouncer,717
bounces,718
bound,719
bourbon,720
boy,721
boyfriend,722
boygirl,723
boys,724
brackets,725
bragged,726
brain,727
brainer,728
brand,729
branding,730
brands,731
branson,732
braving,733
bread,734
break,735
breakable,736
breakdown,737
breaker,738
breakfast,739
breaking,740
breaks,741
breakup,742
breathe,743
breeze,744
breezy,745
brian,746
bridge,747
bridgegreat,748
bridgewaitingforbagsunitedewr,749
briefing,750
briefings,751
briefs,752
bright,753
brighten,754
brighter,755
brightest,756
brightlike,757
brightness,758
brilliant,759
bring,760
bringbackrealstaff,761
bringing,762
brings,763
bro,764
broke,765
broken,766
brokengreat,767
brokenstolen,768
brokenwheel,769
brotha,770
brothers,771
brought,772
browser,773
browsers,774
browsing,775
brussels,776
bs,777
bshave,778
btv,779
btw,780
bubble,781
bubbly,782
bucks,783
budapest,784
buddies,785
buddy,786
budget,787
buf,788
buffalo,789
bug,790
bugs,791
build,792
building,793
built,794
builtin,795
bulbs,796
bulbsso,797
bulk,798
bulkhead,799
bulky,800
bull,801
bullshit,802
bullying,803
bummed,804
bummer,805
bump,806
bumped,807
bumper,808
bumping,809
bums,810
bunch,811
bundle,812
burgundy,813
burlington,814
burn,815
burning,816
burningman,817
burst,818
bus,819
busads,820
bush,821
bushug,822
business,823
busted,824
busy,825
but,826
butit,827
butt,828
button,829
buttons,830
buybacks,831
buying,832
buyshock,833
buyâ,834
buzzkill,835
bw,836
bwi,837
bye,838
ca,839
cab,840
cabaret,841
cabin,842
cabinets,843
cable,844
cableinternet,845
cableplugged,846
caching,847
cadillac,848
cae,849
caffeine,850
cake,851
calamity,852
calendar,853
calendars,854
calender,855
calgary,856
california,857
call,858
callah,859
callback,860
called,861
callemail,862
calling,863
calls,864
calming,865
calmness,866
cam,867
camaras,868
came,869
camera,870
cameras,871
camerasbig,872
campilley,873
campus,874
cams,875
can,876
canada,877
canadaair,878
canadian,879
cancelled,880
cancer,881
cancun,882
caned,883
canned,884
cannot,885
cant,886
cany,887
canâ,888
canî,889
capaaviation,890
capabilities,891
capability,892
capable,893
capacity,894
capeairs,895
capstone,896
capt,897
captain,898
captions,899
captive,900
capture,901
car,902
card,903
cards,904
care,905
cared,906
careful,907
carefully,908
cares,909
caring,910
carousel,911
carreduces,912
carrie,913
carried,914
carrier,915
carriers,916
carry,917
carryeasy,918
carrying,919
carryon,920
carryons,921
carseat,922
cart,923
cartoon,924
cartoons,925
catch,926
catching,927
category,928
catered,929
catering,930
caught,931
cause,932
caused,933
causes,934
causing,935
ccicanine,936
cd,937
cebu,938
ceiling,939
celebrate,940
celebratingthanks,941
cell,942
cement,943
center,944
centers,945
central,946
centricity,947
century,948
certainly,949
certificate,950
certificates,951
ch,952
chain,953
chair,954
challenge,955
challenged,956
challenges,957
championship,958
chance,959
chances,960
change,961
changed,962
changes,963
changing,964
channel,965
channels,966
char,967
characterize,968
characters,969
charge,970
charged,971
charger,972
charges,973
charging,974
charity,975
charlotte,976
charm,977
chase,978
chat,979
chats,980
chatting,981
cheap,982
cheaper,983
cheapest,984
cheated,985
check,986
checked,987
checkers,988
checkin,989
checkinbut,990
checkincorrect,991
checking,992
checkins,993
checkout,994
checkouterror,995
checkpoint,996
cheer,997
cheers,998
cheertymedad,999
cheese,1000
cheeze,1001
chi,1002
chicago,1003
chicagos,1004
chicken,1005
chief,1006
child,1007
childproof,1008
childrencomes,1009
childrens,1010
childs,1011
chili,1012
chill,1013
chime,1014
chinese,1015
chipper,1016
chitocle,1017
chkpreboardnotcomingback,1018
chocked,1019
chocolate,1020
choice,1021
choices,1022
choose,1023
choosechicago,1024
choosekind,1025
choosing,1026
choppy,1027
chord,1028
chores,1029
chose,1030
chosen,1031
christmasgreat,1032
chromcast,1033
chrome,1034
chrysichrysic,1035
chugs,1036
church,1037
cigarettes,1038
circle,1039
circulation,1040
circumstances,1041
cities,1042
citing,1043
citizen,1044
city,1045
citywhen,1046
claim,1047
claimed,1048
claiming,1049
claims,1050
clam,1051
clarification,1052
clarify,1053
clarifying,1054
clarita,1055
clarity,1056
class,1057
classed,1058
classic,1059
classics,1060
classiq,1061
classy,1062
claudia,1063
cldnt,1064
cle,1065
clean,1066
cleaned,1067
cleaner,1068
cleaning,1069
cleanliness,1070
clear,1071
cleared,1072
clearing,1073
clearly,1074
clehelp,1075
clerk,1076
clesfo,1077
cleveland,1078
click,1079
clicked,1080
clicking,1081
client,1082
clientnothappy,1083
clients,1084
clifton,1085
climbing,1086
clincher,1087
clips,1088
clock,1089
clockwork,1090
close,1091
closed,1092
closer,1093
closest,1094
closet,1095
clothes,1096
clothessuit,1097
clothing,1098
cloud,1099
cloudcam,1100
cloudcamâ,1101
clowns,1102
clt,1103
club,1104
clubhouse,1105
clubs,1106
clue,1107
cluecould,1108
clumsy,1109
clunky,1110
cluster,1111
clutch,1112
cnxn,1113
cnxns,1114
coach,1115
coast,1116
coastcoast,1117
coasts,1118
coat,1119
coats,1120
cobedien,1121
code,1122
codes,1123
codeshare,1124
coexist,1125
coffee,1126
coherent,1127
coincidence,1128
cold,1129
coldî,1130
collect,1131
collection,1132
colliding,1133
colo,1134
colombia,1135
color,1136
colors,1137
columbia,1138
comands,1139
combination,1140
combine,1141
combined,1142
combo,1143
comcast,1144
come,1145
comedy,1146
comenity,1147
comeonpeople,1148
comes,1149
comethis,1150
comfort,1151
comfortable,1152
comically,1153
coming,1154
command,1155
commands,1156
comment,1157
commented,1158
comments,1159
commercial,1160
commercials,1161
commission,1162
commitment,1163
committed,1164
common,1165
communicate,1166
communication,1167
commute,1168
comp,1169
compact,1170
compacted,1171
companion,1172
company,1173
companyi,1174
companys,1175
comparability,1176
comparable,1177
compare,1178
compared,1179
compares,1180
comparison,1181
compatibility,1182
compatible,1183
compensate,1184
compensated,1185
compensates,1186
compensating,1187
compensation,1188
compete,1189
competent,1190
competes,1191
competing,1192
competition,1193
competitive,1194
competitively,1195
competitor,1196
comping,1197
complain,1198
complained,1199
complains,1200
complaint,1201
complaints,1202
complete,1203
completed,1204
completely,1205
completion,1206
complex,1207
compliant,1208
complicated,1209
complications,1210
compliment,1211
complimentary,1212
complimenting,1213
components,1214
comps,1215
compton,1216
computer,1217
computers,1218
con,1219
conceal,1220
concentrate,1221
concept,1222
concern,1223
concerned,1224
concerns,1225
conceted,1226
concise,1227
concourse,1228
concrete,1229
cond,1230
condescending,1231
conditions,1232
condo,1233
conecctions,1234
conection,1235
conf,1236
conference,1237
confidence,1238
confident,1239
configuration,1240
configuring,1241
confirm,1242
confirmation,1243
confirmations,1244
confirmed,1245
confirming,1246
confrontational,1247
confused,1248
confusing,1249
confusion,1250
congrats,1251
congratulations,1252
congregating,1253
conjunction,1254
connect,1255
connectable,1256
connected,1257
connectfor,1258
connectin,1259
connecting,1260
connection,1261
connections,1262
connectivity,1263
connectns,1264
connector,1265
connectors,1266
connects,1267
connolly,1268
cons,1269
consecutive,1270
consice,1271
consider,1272
considerable,1273
considerably,1274
consideration,1275
consistency,1276
consistent,1277
consistently,1278
consolation,1279
consoled,1280
constant,1281
constantly,1282
constructed,1283
construction,1284
consumer,1285
consumers,1286
cont,1287
contact,1288
contacted,1289
contacting,1290
contains,1291
contd,1292
contemplating,1293
content,1294
contents,1295
context,1296
continental,1297
continentals,1298
continentalunited,1299
continually,1300
continue,1301
continued,1302
continues,1303
continuing,1304
continuous,1305
continuously,1306
contol,1307
contract,1308
contractors,1309
contracts,1310
contradictory,1311
contrast,1312
control,1313
controle,1314
controling,1315
controlled,1316
controller,1317
controlling,1318
controls,1319
controlî,1320
convenience,1321
convenient,1322
conveniently,1323
conversation,1324
conversational,1325
conversations,1326
converse,1327
conversed,1328
conversion,1329
convert,1330
conveyer,1331
convienient,1332
convince,1333
convinced,1334
cook,1335
cooker,1336
cookies,1337
cooking,1338
cool,1339
coolest,1340
coolidge,1341
coollike,1342
copa,1343
copay,1344
copilot,1345
copy,1346
copypaste,1347
cord,1348
corp,1349
corporate,1350
correct,1351
correcti,1352
correctly,1353
correctness,1354
correspondence,1355
cos,1356
coshared,1357
cost,1358
costing,1359
costly,1360
costs,1361
costumer,1362
costumerservice,1363
couch,1364
couldnt,1365
couldnâ,1366
couldve,1367
count,1368
counted,1369
counter,1370
counters,1371
counting,1372
countless,1373
countries,1374
country,1375
counts,1376
county,1377
couple,1378
coupled,1379
coupon,1380
courier,1381
courrier,1382
course,1383
court,1384
courteous,1385
courtesy,1386
cousin,1387
cousins,1388
cover,1389
coverage,1390
covered,1391
covering,1392
covers,1393
cowardly,1394
coworker,1395
cozy,1396
cpap,1397
cpus,1398
crack,1399
cracked,1400
crackerjack,1401
craft,1402
cramped,1403
cranky,1404
crap,1405
crappy,1406
crashed,1407
crashing,1408
crazy,1409
cream,1410
create,1411
created,1412
creates,1413
creating,1414
creativity,1415
credibility,1416
credit,1417
credits,1418
cree,1419
crew,1420
crewe,1421
crews,1422
crewtells,1423
crisis,1424
crisp,1425
cristiannot,1426
cristmas,1427
cross,1428
crossbrowser,1429
crossed,1430
crucial,1431
cruel,1432
cruise,1433
cruz,1434
cry,1435
crying,1436
crystal,1437
culture,1438
cumbersome,1439
curbside,1440
curiosity,1441
curious,1442
current,1443
currently,1444
curtesy,1445
curve,1446
curved,1447
cus,1448
cushion,1449
cust,1450
custexp,1451
custom,1452
customers,1453
customerservice,1454
customerservices,1455
customization,1456
custs,1457
cut,1458
cute,1459
cutest,1460
cutting,1461
cuz,1462
cyberattack,1463
cyndi,1464
dadboner,1465
daddy,1466
daiber,1467
daily,1468
dailyphone,1469
dallaslovefield,1470
dallasnews,1471
damage,1472
damaged,1473
damages,1474
damn,1475
dance,1476
dancing,1477
dang,1478
danger,1479
dark,1480
darker,1481
darn,1482
dash,1483
dat,1484
data,1485
date,1486
dates,1487
daughterinlaw,1488
daughterlove,1489
daughters,1490
daugter,1491
dauther,1492
day,1493
dayall,1494
daylight,1495
daynews,1496
days,1497
daysits,1498
dayssturdier,1499
daytime,1500
dead,1501
deadbolt,1502
deaf,1503
deal,1504
dealing,1505
deals,1506
dear,1507
death,1508
debacle,1509
debate,1510
debating,1511
debbie,1512
decade,1513
decent,1514
deceptive,1515
decice,1516
decide,1517
decided,1518
deciding,1519
decision,1520
decisions,1521
deck,1522
decline,1523
decor,1524
decorum,1525
dedication,1526
deep,1527
deeply,1528
def,1529
defected,1530
defective,1531
defend,1532
defiantly,1533
defibrillator,1534
deficits,1535
define,1536
defines,1537
definetly,1538
definite,1539
definitely,1540
definition,1541
definitive,1542
degree,1543
degrees,1544
delay,1545
delayconsequence,1546
delayed,1547
delayedovernight,1548
delaying,1549
delays,1550
delete,1551
deleted,1552
deletion,1553
delewr,1554
delighted,1555
deliver,1556
delivered,1557
deliveredhotel,1558
deliveres,1559
delivers,1560
delivery,1561
delongerry,1562
delta,1563
deltaassist,1564
delyd,1565
demand,1566
dementia,1567
demerit,1568
demo,1569
demonstrate,1570
demonstrated,1571
demoted,1572
denairport,1573
denewr,1574
denied,1575
denphx,1576
dentedmissing,1577
denver,1578
deodorant,1579
depart,1580
departed,1581
departing,1582
department,1583
departs,1584
departure,1585
departures,1586
dependable,1587
deplane,1588
deplaned,1589
deplaning,1590
deployment,1591
depression,1592
dept,1593
depth,1594
descending,1595
description,1596
desent,1597
desert,1598
deserve,1599
deserved,1600
deserves,1601
design,1602
designated,1603
designed,1604
desire,1605
desk,1606
desktop,1607
desperately,1608
desplayed,1609
destination,1610
destinations,1611
destroyed,1612
destructive,1613
detachable,1614
detail,1615
detailed,1616
details,1617
determination,1618
determine,1619
detroit,1620
devalue,1621
develop,1622
developed,1623
developers,1624
developing,1625
development,1626
deviceeasy,1627
devices,1628
devicessimply,1629
devicesthe,1630
devises,1631
dgoodspeed,1632
dia,1633
dial,1634
dicks,1635
dictate,1636
dictionary,1637
did,1638
didinteresting,1639
didnt,1640
didnâ,1641
didsee,1642
die,1643
died,1644
diego,1645
dies,1646
dif,1647
diff,1648
difference,1649
differences,1650
differentiate,1651
differents,1652
difficult,1653
difficulties,1654
difficulty,1655
diffrent,1656
difiitioin,1657
digging,1658
digital,1659
dil,1660
dildo,1661
diligent,1662
dim,1663
dimension,1664
dimensions,1665
dimes,1666
dimmed,1667
dimmer,1668
dimming,1669
dims,1670
dining,1671
dinner,1672
direct,1673
direction,1674
directions,1675
directly,1676
directtv,1677
directv,1678
dirt,1679
dirtiest,1680
dirty,1681
disabilities,1682
disability,1683
disable,1684
disabled,1685
disablei,1686
disappear,1687
disappeared,1688
disappears,1689
disappoint,1690
disappointed,1691
disappointedunited,1692
disappointing,1693
disappointment,1694
disappoints,1695
disarming,1696
disaster,1697
disastrous,1698
discomfort,1699
disconnect,1700
disconnected,1701
discontinued,1702
discount,1703
discounted,1704
discover,1705
discovered,1706
discovering,1707
discrimination,1708
discuss,1709
disease,1710
disgrace,1711
disgraceful,1712
disgruntled,1713
disgusted,1714
disgusting,1715
dish,1716
dishes,1717
dishonoring,1718
disinfectant,1719
dislike,1720
dismissed,1721
disney,1722
dispatch,1723
displaced,1724
display,1725
displayall,1726
displayed,1727
displaying,1728
displays,1729
disposal,1730
disputed,1731
disregard,1732
disrespect,1733
disrespected,1734
disrespectfully,1735
disrupted,1736
disruption,1737
dissapointment,1738
dissatisfaction,1739
disservice,1740
disspointed,1741
distance,1742
distances,1743
distinction,1744
distracting,1745
distress,1746
distressed,1747
disunited,1748
diverged,1749
diverse,1750
diverted,1751
division,1752
divorced,1753
dmangenvisualclubconceptscom,1754
dnt,1755
doctor,1756
doctors,1757
document,1758
does,1759
doesnt,1760
dog,1761
dogs,1762
dollar,1763
dollars,1764
domestic,1765
donatert,1766
donation,1767
dont,1768
donâ,1769
donî,1770
doo,1771
doom,1772
door,1773
doorbell,1774
doorbells,1775
doors,1776
doorstep,1777
dope,1778
dorm,1779
dorns,1780
dot,1781
dots,1782
dotswe,1783
dotâ,1784
double,1785
doubles,1786
doublestandards,1787
doubt,1788
doubtful,1789
doubts,1790
douglas,1791
doumented,1792
down,1793
downfall,1794
downfalls,1795
downgraded,1796
downhill,1797
download,1798
downloaded,1799
downloading,1800
downside,1801
downstairs,1802
downtime,1803
downtown,1804
dozen,1805
dpi,1806
draft,1807
dragon,1808
draw,1809
drawback,1810
dreadful,1811
dream,1812
dreaming,1813
dreamliner,1814
dreampath,1815
dreams,1816
dreamuse,1817
drean,1818
dreregistering,1819
dress,1820
drink,1821
drinker,1822
drinks,1823
drive,1824
driven,1825
driver,1826
drivermissed,1827
drivers,1828
driveway,1829
driving,1830
drone,1831
drop,1832
dropbox,1833
dropped,1834
dropping,1835
drops,1836
dropsthrows,1837
drunk,1838
dryer,1839
ds,1840
dublin,1841
dude,1842
duffle,1843
duh,1844
dulles,1845
dullesairport,1846
dullessucks,1847
dullestostatecollege,1848
dumb,1849
dunno,1850
duped,1851
durability,1852
durable,1853
dustyob,1854
duty,1855
dxb,1856
dying,1857
dyslexic,1858
eager,1859
ealier,1860
earlier,1861
earliest,1862
early,1863
earn,1864
earned,1865
earnedmybusiness,1866
earning,1867
earnings,1868
earphone,1869
earphones,1870
earth,1871
ease,1872
easier,1873
easiest,1874
easily,1875
easiness,1876
east,1877
eastern,1878
easy,1879
easytouse,1880
eat,1881
eating,1882
ebola,1883
ebook,1884
ebooks,1885
ecertificate,1886
ech,1887
echoes,1888
echomaybe,1889
echos,1890
eco,1891
econ,1892
economy,1893
ecosystem,1894
ect,1895
edge,1896
edinburgh,1897
edition,1898
educate,1899
educated,1900
education,1901
educational,1902
effective,1903
efficiency,1904
efficient,1905
efficiently,1906
effing,1907
effort,1908
efforts,1909
egregious,1910
eighth,1911
elbows,1912
elect,1913
electrical,1914
electronic,1915
electronically,1916
electronics,1917
elevate,1918
elevategold,1919
elevatethey,1920
elexa,1921
elexas,1922
elexia,1923
eliminate,1924
elizabeth,1925
email,1926
emailed,1927
emailing,1928
emails,1929
emailscalls,1930
emanated,1931
embarrassed,1932
embarrassing,1933
embossed,1934
embraersa,1935
emergency,1936
emirates,1937
empathizes,1938
empathy,1939
emphasis,1940
employee,1941
employeefaceless,1942
employees,1943
employeeslack,1944
emptied,1945
empty,1946
enable,1947
enabled,1948
enables,1949
enabling,1950
encounter,1951
encountered,1952
encourage,1953
encouraged,1954
encourages,1955
ended,1956
endless,1957
endlessly,1958
ends,1959
endured,1960
enforce,1961
enforcement,1962
engage,1963
engaged,1964
engaging,1965
engine,1966
engineer,1967
engineered,1968
english,1969
enhance,1970
enhancements,1971
enhances,1972
enjoy,1973
enjoyable,1974
enjoyed,1975
enjoyes,1976
enjoying,1977
enjoyment,1978
enjoys,1979
enoughisenough,1980
enquires,1981
enroll,1982
ensure,1983
ensuring,1984
enter,1985
entered,1986
entering,1987
entertain,1988
entertained,1989
entertaining,1990
entertainment,1991
entertainmnt,1992
entertains,1993
enthusiasm,1994
enthusiast,1995
enthusiastic,1996
entice,1997
entire,1998
entitled,1999
entries,2000
entry,2001
environment,2002
environments,2003
epic,2004
epicfail,2005
epicfailunited,2006
episodes,2007
equal,2008
equally,2009
equals,2010
equip,2011
equipment,2012
equipped,2013
equivalent,2014
erasing,2015
ereader,2016
ereaders,2017
eri,2018
erieairport,2019
eriewr,2020
eriord,2021
errand,2022
error,2023
errored,2024
errors,2025
essential,2026
essentially,2027
estimate,2028
etailwest,2029
etcalso,2030
etcdurable,2031
ethics,2032
ethiopia,2033
etta,2034
europe,2035
evacuated,2036
evansville,2037
evening,2038
event,2039
events,2040
eventually,2041
everglades,2042
everyday,2043
everynight,2044
everyones,2045
everytime,2046
evry,2047
ewr,2048
ewrbrudel,2049
ewrfll,2050
ewrpdx,2051
ewrsti,2052
exacerbates,2053
exact,2054
exactly,2055
example,2056
examples,2057
exasperating,2058
exceed,2059
exceeded,2060
exceeds,2061
excellence,2062
excellent,2063
exception,2064
exceptional,2065
exceptions,2066
exchange,2067
exchanged,2068
exchanging,2069
excited,2070
exciting,2071
exclusively,2072
excuse,2073
excuses,2074
executive,2075
executives,2076
exhausted,2077
exhausting,2078
exist,2079
existent,2080
existing,2081
exit,2082
exiting,2083
expand,2084
expandable,2085
expanded,2086
expanding,2087
expansion,2088
expect,2089
expectation,2090
expectations,2091
expected,2092
expectedthis,2093
expectedtoo,2094
expecting,2095
expects,2096
expedia,2097
expedited,2098
expense,2099
expenses,2100
expensive,2101
experience,2102
experienced,2103
experiences,2104
experiencing,2105
expire,2106
expired,2107
expires,2108
expiring,2109
explain,2110
explained,2111
explaining,2112
explanation,2113
explanations,2114
explanatory,2115
explore,2116
explored,2117
explorer,2118
exploring,2119
exponentially,2120
exposed,2121
exposure,2122
express,2123
expressing,2124
extend,2125
extended,2126
extension,2127
extent,2128
external,2129
externally,2130
extortion,2131
extra,2132
extraordinaire,2133
extras,2134
extreme,2135
extremely,2136
eye,2137
ez,2138
faanews,2139
fabulous,2140
face,2141
facebook,2142
faces,2143
facetime,2144
facilitates,2145
facing,2146
factor,2147
fades,2148
fail,2149
failed,2150
fails,2151
failure,2152
failures,2153
failurethen,2154
faint,2155
fair,2156
faire,2157
fairly,2158
fairs,2159
fairway,2160
faith,2161
fake,2162
fakesincerity,2163
fall,2164
fallen,2165
fallflorida,2166
falling,2167
falls,2168
FALSE,2169
fam,2170
familiar,2171
families,2172
fan,2173
fancier,2174
fanciest,2175
fans,2176
fantastic,2177
fantastically,2178
fantasy,2179
far,2180
farcant,2181
farce,2182
fare,2183
farelock,2184
fares,2185
farmy,2186
fast,2187
faster,2188
fastest,2189
fastgreat,2190
fat,2191
fathers,2192
fault,2193
faults,2194
fav,2195
fave,2196
favor,2197
favorite,2198
favorites,2199
fax,2200
faxlike,2201
feat,2202
feature,2203
features,2204
featuresi,2205
feb,2206
feces,2207
fed,2208
federal,2209
fedup,2210
fee,2211
feed,2212
feedback,2213
feeds,2214
feel,2215
feeling,2216
feels,2217
fees,2218
feet,2219
felt,2220
female,2221
fence,2222
fend,2223
festivities,2224
fiancâ,2225
fib,2226
fiction,2227
fidifamilies,2228
field,2229
fields,2230
fifty,2231
fight,2232
figired,2233
figure,2234
figured,2235
figures,2236
figuring,2237
file,2238
filed,2239
files,2240
fill,2241
filled,2242
filling,2243
fills,2244
films,2245
filter,2246
filthy,2247
final,2248
finalizing,2249
finally,2250
financei,2251
financial,2252
find,2253
finding,2254
finds,2255
fine,2256
finest,2257
finger,2258
fingers,2259
finish,2260
finished,2261
finishes,2262
finishing,2263
fir,2264
firends,2265
fires,2266
firesticks,2267
firing,2268
first,2269
firstworldproblems,2270
fit,2271
fits,2272
fiveyearold,2273
fix,2274
fixed,2275
fixes,2276
fixing,2277
flash,2278
flashlight,2279
flat,2280
flattering,2281
flavors,2282
flaw,2283
flawed,2284
flawlessly,2285
fleet,2286
flew,2287
flex,2288
flicker,2289
flickers,2290
flier,2291
flierfriendly,2292
fliers,2293
flies,2294
flightation,2295
flightations,2296
flightattendant,2297
flightaware,2298
flightchng,2299
flightd,2300
flightdelay,2301
flighted,2302
flightedstill,2303
flightfail,2304
flighting,2305
flightlation,2306
flightlations,2307
flightled,2308
flightleddelayed,2309
flightledflight,2310
flightledgonna,2311
flightling,2312
flightly,2313
flightn,2314
flightr,2315
flights,2316
flightst,2317
flightstart,2318
flightstill,2319
flightsyearmy,2320
flightu,2321
flightï,2322
flimsy,2323
flintstone,2324
flip,2325
flipped,2326
flipping,2327
fll,2328
fllgtsfo,2329
floor,2330
floors,2331
florida,2332
flour,2333
flow,2334
flowers,2335
flown,2336
flt,2337
fltnext,2338
flts,2339
fly,2340
flycould,2341
flydeltanexttime,2342
flyeia,2343
flyer,2344
flyerfriendly,2345
flyers,2346
flying,2347
flyingwithus,2348
flylaxairport,2349
flypdx,2350
flyquiet,2351
flysaa,2352
flysfo,2353
flyunited,2354
flyyow,2355
fo,2356
foam,2357
focused,2358
fold,2359
folder,2360
folk,2361
folks,2362
follow,2363
followback,2364
followed,2365
following,2366
follows,2367
fong,2368
font,2369
fonts,2370
food,2371
foot,2372
force,2373
forced,2374
forces,2375
forcing,2376
forecast,2377
forecasts,2378
foreign,2379
forelock,2380
forget,2381
forgetting,2382
forgive,2383
forgot,2384
form,2385
formal,2386
formally,2387
format,2388
formed,2389
forms,2390
forth,2391
fortunately,2392
forum,2393
forward,2394
found,2395
foxnews,2396
fra,2397
fraction,2398
fraif,2399
frame,2400
frameim,2401
fran,2402
francisco,2403
frankfurt,2404
frankly,2405
frano,2406
fransico,2407
frauds,2408
freaked,2409
freakin,2410
freaking,2411
fred,2412
freddieawards,2413
free,2414
freeneversucks,2415
freetime,2416
freetimeunlimited,2417
freeze,2418
freezes,2419
freezing,2420
french,2421
freq,2422
frequency,2423
frequent,2424
frequentflyer,2425
frequently,2426
fresh,2427
freyasfund,2428
friend,2429
friendliest,2430
friendly,2431
friendlyfriday,2432
friendlyskies,2433
friendlysky,2434
friends,2435
frightening,2436
frigid,2437
front,2438
frontend,2439
frontier,2440
frontrunner,2441
frozen,2442
frustrated,2443
frustrating,2444
frustratingly,2445
frustration,2446
fuck,2447
fucked,2448
fucken,2449
fucking,2450
fuckinlame,2451
fuel,2452
fueled,2453
fulfill,2454
full,2455
fulldont,2456
fullfa,2457
fullfare,2458
fullfeatured,2459
fullsize,2460
fully,2461
fullyear,2462
fun,2463
func,2464
function,2465
functional,2466
functionality,2467
functioning,2468
functions,2469
fundraiser,2470
funds,2471
funeral,2472
funited,2473
funny,2474
funnycaptain,2475
furious,2476
fuselage,2477
fuss,2478
future,2479
fwa,2480
fwiw,2481
fyi,2482
fyvrfn,2483
gadget,2484
gadgets,2485
gaga,2486
gain,2487
gains,2488
galaxy,2489
galley,2490
game,2491
gamecircle,2492
games,2493
gameseasy,2494
gaming,2495
garage,2496
garbage,2497
gas,2498
gate,2499
gateagain,2500
gates,2501
gave,2502
gay,2503
gb,2504
gbthey,2505
geared,2506
geating,2507
gee,2508
geek,2509
geeks,2510
gen,2511
general,2512
generally,2513
generation,2514
generator,2515
generic,2516
geneva,2517
genre,2518
gentleman,2519
gently,2520
gents,2521
geography,2522
gesture,2523
getmeontop,2524
gettin,2525
gf,2526
gfc,2527
giant,2528
giants,2529
gift,2530
gifted,2531
giftedit,2532
gifthe,2533
gifts,2534
giftthey,2535
gigs,2536
gills,2537
gimmicky,2538
girl,2539
girlfriend,2540
girls,2541
giveaway,2542
given,2543
gives,2544
giving,2545
gjt,2546
glad,2547
glamco,2548
glance,2549
glare,2550
glasgow,2551
glass,2552
glassesi,2553
glear,2554
glitch,2555
glitchy,2556
global,2557
globalfc,2558
globe,2559
glowlight,2560
glued,2561
gluten,2562
goal,2563
goals,2564
god,2565
goddamn,2566
goes,2567
goggle,2568
goggleplay,2569
going,2570
gold,2571
golden,2572
goldentickets,2573
golf,2574
gone,2575
gong,2576
gonna,2577
gonnabealongnight,2578
good,2579
goodalexa,2580
gooddidnt,2581
goodenoughmother,2582
goodenufmother,2583
goodflight,2584
goodhe,2585
goodhowever,2586
goodit,2587
goodness,2588
goodnight,2589
goodreads,2590
goog,2591
google,2592
googles,2593
goose,2594
goosebayairport,2595
gopro,2596
gottogetbetter,2597
govt,2598
gpu,2599
grab,2600
grade,2601
gradually,2602
grand,2603
grandaughter,2604
grandchild,2605
grandchildren,2606
grandchridren,2607
granddaughters,2608
grandfather,2609
grandkids,2610
grandkidsages,2611
grandma,2612
grandniece,2613
grandpa,2614
grandparents,2615
grandsons,2616
granting,2617
graphic,2618
graphics,2619
grateful,2620
great,2621
greater,2622
greatest,2623
greati,2624
greatjust,2625
greatly,2626
greats,2627
greatservice,2628
greed,2629
greedy,2630
greeeaat,2631
green,2632
greeting,2633
greetings,2634
grey,2635
greyed,2636
gripping,2637
groceries,2638
grocery,2639
gross,2640
grossed,2641
ground,2642
grounded,2643
group,2644
grouping,2645
groups,2646
grow,2647
growing,2648
grows,2649
grp,2650
grr,2651
grumpykim,2652
guam,2653
guarantee,2654
guarantees,2655
guess,2656
guessflight,2657
guessing,2658
guests,2659
guide,2660
guided,2661
guidelines,2662
guilty,2663
guiltypleasures,2664
guitar,2665
guitars,2666
guppies,2667
gusty,2668
guy,2669
guys,2670
ha,2671
habe,2672
hackers,2673
hacks,2674
had,2675
hadnt,2676
hadnâ,2677
haha,2678
hahaha,2679
hahahahaha,2680
hahnot,2681
hair,2682
half,2683
halfway,2684
hallway,2685
hand,2686
handbag,2687
handed,2688
handedly,2689
handily,2690
handle,2691
handled,2692
handler,2693
handlers,2694
handles,2695
handling,2696
hands,2697
handsfree,2698
handshake,2699
handy,2700
hang,2701
hangar,2702
hanger,2703
hanging,2704
hangs,2705
hannah,2706
happen,2707
happened,2708
happening,2709
happens,2710
happier,2711
happily,2712
happy,2713
happycustomer,2714
happyflight,2715
happysuch,2716
hard,2717
hardearned,2718
hardware,2719
hardwired,2720
hardwood,2721
harmony,2722
harris,2723
harsh,2724
has,2725
hashtag,2726
hasmore,2727
hasnt,2728
hassle,2729
hate,2730
hated,2731
hates,2732
hats,2733
haul,2734
have,2735
haveeverything,2736
havejust,2737
havent,2738
havenâ,2739
havethen,2740
hawaii,2741
haydensteamboat,2742
hayou,2743
hdmi,2744
hdn,2745
hdx,2746
head,2747
headaches,2748
headed,2749
headerelevateusernumofpointsavailable,2750
heading,2751
headlines,2752
headphone,2753
headphones,2754
heads,2755
hear,2756
heard,2757
hearing,2758
hears,2759
hearts,2760
heat,2761
heater,2762
heathrow,2763
heating,2764
heattrap,2765
heaven,2766
heavy,2767
heh,2768
hehehe,2769
held,2770
hell,2771
hello,2772
help,2773
helpbeen,2774
helpdo,2775
helped,2776
helpful,2777
helpfull,2778
helpfulness,2779
helpgot,2780
helpimstuck,2781
helping,2782
helpmeplease,2783
helppls,2784
helps,2785
hep,2786
hepl,2787
herbal,2788
here,2789
heres,2790
heretiredcustomer,2791
herman,2792
herselfvery,2793
hes,2794
hesitant,2795
hesitating,2796
hey,2797
heâ,2798
hi,2799
hiccups,2800
hidden,2801
hide,2802
high,2803
highbuddyyy,2804
higher,2805
highest,2806
highlight,2807
highly,2808
hilarious,2809
hilo,2810
hipster,2811
hire,2812
hiring,2813
historical,2814
historically,2815
history,2816
hit,2817
hold,2818
holder,2819
holders,2820
holdguess,2821
holding,2822
holdover,2823
holds,2824
hole,2825
holiday,2826
holidays,2827
holla,2828
hollow,2829
hollywood,2830
home,2831
homebase,2832
homehappy,2833
homeintentional,2834
homekit,2835
homelove,2836
homes,2837
homethis,2838
hometown,2839
homewhile,2840
homework,2841
homeworks,2842
honalulu,2843
hone,2844
honeatly,2845
honest,2846
honestly,2847
honeymoon,2848
honeywell,2849
honolulu,2850
honor,2851
honored,2852
honour,2853
honululu,2854
hook,2855
hooked,2856
hooks,2857
hoot,2858
hop,2859
hope,2860
hopefully,2861
hopeless,2862
hoping,2863
hopped,2864
hops,2865
horoscope,2866
horrendous,2867
horriable,2868
horrible,2869
horribleservice,2870
horrid,2871
horrific,2872
horsepower,2873
hospitality,2874
hostage,2875
hosting,2876
hot,2877
hotel,2878
hotelhows,2879
hotelliving,2880
hotels,2881
hotl,2882
hotline,2883
hotspot,2884
hottest,2885
hou,2886
hour,2887
hourdelay,2888
hournever,2889
hours,2890
hoursat,2891
hourshould,2892
hourslove,2893
hoursplease,2894
house,2895
housebut,2896
household,2897
houses,2898
housework,2899
houston,2900
houstonbush,2901
howisthatpossible,2902
hows,2903
hr,2904
hrs,2905
httptcoavbdstjujs,2906
httptcobnflhpxtmw,2907
httptcofgrbpazsix,2908
httptcojloiblnair,2909
httptcokcvubuyexc,2910
httptconmbhngnmki,2911
httptcoqdebyahqfm,2912
httptcoxbqqqbrgvf,2913
hubby,2914
hubs,2915
hue,2916
hug,2917
huge,2918
hugely,2919
hugged,2920
hugh,2921
hulu,2922
human,2923
humans,2924
humiliating,2925
humor,2926
humour,2927
hundred,2928
hundreds,2929
hung,2930
hungry,2931
hunting,2932
hurricane,2933
hurry,2934
hurt,2935
husband,2936
husbandhe,2937
husbands,2938
huston,2939
hybrid,2940
hype,2941
hyped,2942
hypocrisy,2943
ia,2944
ican,2945
ice,2946
iceberg,2947
iced,2948
iceland,2949
icing,2950
icloud,2951
icon,2952
iconography,2953
icons,2954
icu,2955
icy,2956
id,2957
idaho,2958
idea,2959
ideal,2960
ideas,2961
identical,2962
identify,2963
ideologias,2964
idiot,2965
idiots,2966
ifeel,2967
igiveup,2968
ignore,2969
ignored,2970
iheart,2971
ihome,2972
iives,2973
ill,2974
illegal,2975
illogical,2976
im,2977
image,2978
images,2979
imagination,2980
imagine,2981
imagined,2982
imformative,2983
imho,2984
immediately,2985
immensely,2986
immersive,2987
impact,2988
impacts,2989
impending,2990
implemented,2991
implementing,2992
impolite,2993
important,2994
importantly,2995
impossible,2996
impress,2997
impressed,2998
impression,2999
impressive,3000
improper,3001
improve,3002
improved,3003
improvement,3004
improvements,3005
improves,3006
improvetheprocess,3007
improving,3008
inaccurate,3009
inaccuratemisleading,3010
inadequate,3011
inappropriate,3012
inappropriately,3013
inbaggage,3014
inbound,3015
inbuilt,3016
incentive,3017
inches,3018
incident,3019
incls,3020
include,3021
included,3022
including,3023
inclusion,3024
incoming,3025
incompetence,3026
incompetent,3027
incompetentrude,3028
inconvenience,3029
inconveniences,3030
inconvenient,3031
inconveniently,3032
incorporates,3033
increase,3034
increased,3035
incredible,3036
incredibly,3037
incremental,3038
incubator,3039
incur,3040
ind,3041
independence,3042
independent,3043
indestructible,3044
india,3045
indication,3046
indispensable,3047
individual,3048
individually,3049
individuals,3050
indoor,3051
induce,3052
industry,3053
inefficiency,3054
inefficient,3055
inept,3056
ines,3057
inevitable,3058
inexcusable,3059
inexpensive,3060
infant,3061
inflight,3062
influence,3063
infographic,3064
informative,3065
informed,3066
infovirginamericacom,3067
ingredients,3068
inherited,3069
initial,3070
initially,3071
injured,3072
inline,3073
innovation,3074
innovative,3075
innow,3076
inop,3077
inpolite,3078
input,3079
inquired,3080
inquiries,3081
inquiry,3082
inquisitive,3083
ins,3084
insane,3085
inside,3086
inspected,3087
inspired,3088
insta,3089
install,3090
installation,3091
installationset,3092
installed,3093
installing,3094
instance,3095
instantly,3096
insteon,3097
instore,3098
instructed,3099
instruction,3100
instructional,3101
instructions,3102
insult,3103
insulted,3104
insulting,3105
insurance,3106
int,3107
intact,3108
integrate,3109
integrated,3110
integrates,3111
integration,3112
integrationâ,3113
intelligence,3114
intended,3115
intent,3116
intention,3117
intentionally,3118
interact,3119
interactive,3120
interacts,3121
intercom,3122
intercoms,3123
interested,3124
interesting,3125
interface,3126
interfacing,3127
interim,3128
interior,3129
interiors,3130
intern,3131
internal,3132
internally,3133
international,3134
internationally,3135
interruption,3136
interview,3137
interviewed,3138
inthe,3139
intl,3140
intro,3141
introduce,3142
intrusive,3143
intuitive,3144
intî,3145
invaluable,3146
invention,3147
invest,3148
invested,3149
investigate,3150
investigated,3151
investment,3152
investors,3153
invoice,3154
invoices,3155
involuntarily,3156
involved,3157
inâ,3158
ios,3159
iot,3160
iove,3161
ipad,3162
ipaddont,3163
ipads,3164
ipadsbut,3165
iphone,3166
iphonepad,3167
iphones,3168
ipod,3169
ir,3170
irene,3171
irmafromdallas,3172
irreplaceable,3173
irresponsible,3174
irritated,3175
irritating,3176
irrops,3177
is,3178
isis,3179
isnt,3180
isnâ,3181
isnî,3182
isolate,3183
issue,3184
issuecould,3185
issued,3186
issuenot,3187
issues,3188
issuing,3189
item,3190
items,3191
itglad,3192
ithica,3193
iti,3194
itin,3195
itineraries,3196
itinerary,3197
itit,3198
itits,3199
itmy,3200
itnot,3201
itproblems,3202
itquestions,3203
itsimple,3204
itso,3205
itthe,3206
itunes,3207
itwe,3208
iâ,3209
jac,3210
jack,3211
jacked,3212
jacket,3213
jackson,3214
jailbreak,3215
jam,3216
james,3217
jammed,3218
jan,3219
jana,3220
jane,3221
janet,3222
japan,3223
jaramillo,3224
javascript,3225
jax,3226
jburg,3227
jealous,3228
jeanette,3229
jedediah,3230
jedediahbila,3231
jeff,3232
jenniferwalshpr,3233
jeokoo,3234
jeopardy,3235
jersey,3236
jessicajaymes,3237
jet,3238
jetblue,3239
jetbridge,3240
jets,3241
jetway,3242
jim,3243
jimmy,3244
jissela,3245
jmercadomma,3246
job,3247
jobs,3248
jobslose,3249
jockeying,3250
jog,3251
john,3252
joke,3253
jokers,3254
jokes,3255
joking,3256
jon,3257
jose,3258
journal,3259
journalist,3260
journey,3261
joy,3262
jp,3263
jpfree,3264
jpinconvience,3265
jpthe,3266
jpwhats,3267
jr,3268
jt,3269
juan,3270
judeo,3271
juju,3272
julie,3273
jump,3274
jumped,3275
jumps,3276
junk,3277
jurassic,3278
justgetmehome,3279
justifiable,3280
kailua,3281
kansas,3282
karaoke,3283
karen,3284
karinslee,3285
kat,3286
kathryn,3287
kathrynsotelo,3288
kauai,3289
kci,3290
kciairport,3291
kcthanks,3292
keambleam,3293
keep,3294
keeper,3295
keeping,3296
keepingtraditionsalive,3297
keepitclassy,3298
keeps,3299
kept,3300
kevin,3301
kewl,3302
key,3303
keyboard,3304
kick,3305
kicked,3306
kicker,3307
kickin,3308
kicks,3309
kid,3310
kidding,3311
kiddo,3312
kiddos,3313
kiddy,3314
kidfriendly,3315
kidproofi,3316
kids,3317
kidseasy,3318
killed,3319
killing,3320
kind,3321
kinda,3322
kinde,3323
kindle,3324
kindlemakes,3325
kindles,3326
kindness,3327
kinds,3328
king,3329
kingscollegelondon,3330
kinks,3331
kiosk,3332
kiosks,3333
kiosksbag,3334
kit,3335
kitchenalso,3336
kits,3337
kleankanteen,3338
kn,3339
knack,3340
knew,3341
knitting,3342
know,3343
knowing,3344
knowledge,3345
knowledgeable,3346
known,3347
knownot,3348
knows,3349
kns,3350
knwe,3351
kooples,3352
korea,3353
kosher,3354
kp,3355
kpclarkhoward,3356
kpthank,3357
ktm,3358
ktn,3359
kuala,3360
kudos,3361
kul,3362
kurt,3363
la,3364
labrador,3365
lack,3366
lacks,3367
ladan,3368
ladies,3369
lady,3370
ladygaga,3371
lag,3372
lagging,3373
lagos,3374
lags,3375
laguardia,3376
laissez,3377
lake,3378
lame,3379
lamp,3380
lampf,3381
lamps,3382
land,3383
landed,3384
landing,3385
landline,3386
lands,3387
language,3388
lap,3389
laptop,3390
large,3391
larger,3392
lark,3393
las,3394
lasden,3395
last,3396
lasted,3397
lastella,3398
lastflightofthenight,3399
lastflightwithyouever,3400
lasts,3401
late,3402
lately,3403
later,3404
latest,3405
latrice,3406
lauderdale,3407
laughedhard,3408
laughing,3409
laughs,3410
launch,3411
launched,3412
lavatory,3413
laws,3414
laxewr,3415
laxiad,3416
laxjfk,3417
laxlas,3418
laxsna,3419
laxsyd,3420
laxwhen,3421
lay,3422
laying,3423
layout,3424
layover,3425
layovers,3426
lazy,3427
lbs,3428
lea,3429
lead,3430
leadership,3431
leading,3432
leapfrog,3433
learn,3434
learned,3435
learning,3436
learns,3437
least,3438
leave,3439
leaves,3440
leaving,3441
led,3442
leds,3443
left,3444
leg,3445
legal,3446
legally,3447
legit,3448
legitimate,3449
legroom,3450
legs,3451
leisure,3452
length,3453
lengthy,3454
less,3455
lessa,3456
lesson,3457
let,3458
lets,3459
letsgo,3460
letsworktogether,3461
letter,3462
lettering,3463
letters,3464
letting,3465
letâ,3466
level,3467
levelfills,3468
levels,3469
levi,3470
lg,3471
lga,3472
lgaord,3473
lh,3474
lhr,3475
lhriah,3476
liable,3477
liars,3478
liberty,3479
library,3480
license,3481
lie,3482
lied,3483
lieflat,3484
lies,3485
liesstill,3486
life,3487
lifeline,3488
lifesaver,3489
lifesavers,3490
lifestop,3491
lifetime,3492
lifevests,3493
ligher,3494
light,3495
lightbulb,3496
lightbulbs,3497
lighted,3498
lighter,3499
lightest,3500
lighting,3501
lightingwill,3502
lightning,3503
lights,3504
lightthe,3505
lightweigh,3506
lightweight,3507
lightyears,3508
lik,3509
like,3510
liked,3511
likely,3512
likes,3513
likingyoulessandless,3514
lil,3515
limbo,3516
limit,3517
limitations,3518
limited,3519
limiting,3520
limitless,3521
limits,3522
lindsay,3523
line,3524
lines,3525
linesforever,3526
lineup,3527
lining,3528
link,3529
linked,3530
linkemail,3531
linking,3532
links,3533
lion,3534
lisa,3535
list,3536
listed,3537
listen,3538
listened,3539
listening,3540
listens,3541
lister,3542
listing,3543
lists,3544
lit,3545
lite,3546
literally,3547
litter,3548
little,3549
live,3550
lived,3551
lives,3552
livewelltraveled,3553
livid,3554
living,3555
ll,3556
lloyd,3557
lmao,3558
lmfao,3559
lmuschel,3560
lo,3561
load,3562
loaded,3563
loading,3564
loads,3565
loaned,3566
loaner,3567
loans,3568
local,3569
localized,3570
locate,3571
located,3572
location,3573
locations,3574
lock,3575
locked,3576
locking,3577
locks,3578
loft,3579
lofty,3580
log,3581
logan,3582
logged,3583
logging,3584
logic,3585
login,3586
logs,3587
lol,3588
london,3589
londonfashionweek,3590
loner,3591
lonflight,3592
long,3593
longer,3594
longterm,3595
longtime,3596
look,3597
looked,3598
looking,3599
looks,3600
looong,3601
loose,3602
los,3603
lose,3604
losers,3605
loses,3606
losing,3607
loss,3608
lost,3609
lostacustomer,3610
lostluggage,3611
lostmybusiness,3612
lostsuitcase,3613
lostyou,3614
lots,3615
lotvery,3616
loud,3617
louder,3618
loudness,3619
loudspeaker,3620
louis,3621
lounge,3622
lousy,3623
love,3624
loved,3625
lovegratitudempower,3626
lovely,3627
lovers,3628
loves,3629
loving,3630
low,3631
lower,3632
lowered,3633
lowest,3634
loyal,3635
loyalty,3636
lpdstock,3637
lr,3638
lsuquinlanduhon,3639
lsusoftball,3640
lt,3641
luck,3642
luckily,3643
lucky,3644
lufthansa,3645
lug,3646
luggage,3647
luggages,3648
luggagethen,3649
lugging,3650
lumpur,3651
lunch,3652
lungs,3653
lures,3654
lusaka,3655
luv,3656
luxuriesaesthetics,3657
lying,3658
lyric,3659
lyrics,3660
mac,3661
machine,3662
mad,3663
made,3664
madeit,3665
madrid,3666
magazine,3667
magazines,3668
magical,3669
magnetic,3670
magnolia,3671
mail,3672
maine,3673
mainline,3674
mainly,3675
maint,3676
maintain,3677
maintained,3678
maintenance,3679
maintenece,3680
major,3681
majorly,3682
makechange,3683
makes,3684
makessense,3685
makestoomuchsense,3686
makeup,3687
making,3688
malaysia,3689
male,3690
males,3691
malfunction,3692
mall,3693
malpensa,3694
mammoth,3695
man,3696
manage,3697
managed,3698
management,3699
manager,3700
manchester,3701
mandarinjourney,3702
mandatory,3703
maneuver,3704
manga,3705
manilla,3706
manner,3707
mans,3708
manual,3709
marcus,3710
marginally,3711
mark,3712
market,3713
marketing,3714
marks,3715
married,3716
martin,3717
mary,3718
maryjo,3719
mass,3720
massive,3721
master,3722
masters,3723
match,3724
matchgot,3725
matching,3726
material,3727
materials,3728
math,3729
matte,3730
matted,3731
matter,3732
matters,3733
maui,3734
max,3735
maxabrahms,3736
maximum,3737
maybe,3738
maybemange,3739
mayweatherpacquiao,3740
mbr,3741
mcdonnell,3742
mci,3743
mco,3744
mcogtiad,3745
mdtmy,3746
meal,3747
meals,3748
mealsis,3749
mean,3750
meaning,3751
meaningful,3752
means,3753
meant,3754
measly,3755
measure,3756
measurement,3757
measurements,3758
measures,3759
mech,3760
mechanic,3761
mechanical,3762
mechanically,3763
mechanics,3764
medal,3765
media,3766
medical,3767
mediocre,3768
meet,3769
meeting,3770
meetings,3771
meets,3772
meetthefleet,3773
megzezzo,3774
meh,3775
mejia,3776
melaniespring,3777
melbourne,3778
melissaafrancis,3779
melol,3780
member,3781
members,3782
membership,3783
membersiâ,3784
memeber,3785
memories,3786
memory,3787
memphis,3788
men,3789
mental,3790
mention,3791
mentioned,3792
mentioning,3793
menu,3794
menus,3795
merchandise,3796
mere,3797
merge,3798
merger,3799
meseems,3800
mess,3801
message,3802
messaged,3803
messages,3804
messed,3805
messing,3806
met,3807
metal,3808
method,3809
mex,3810
mexico,3811
mga,3812
mgetjar,3813
mgetjarcom,3814
mgr,3815
mht,3816
mi,3817
mia,3818
miami,3819
mic,3820
michelle,3821
mickey,3822
microphone,3823
microphones,3824
microsd,3825
mid,3826
middle,3827
midnight,3828
midtravel,3829
mike,3830
milageplus,3831
milan,3832
mild,3833
mile,3834
mileage,3835
mileageplus,3836
miler,3837
miles,3838
milesstatus,3839
milestone,3840
military,3841
million,3842
millions,3843
min,3844
mind,3845
minds,3846
mine,3847
minecraft,3848
mines,3849
mini,3850
miniature,3851
minimal,3852
minimally,3853
minimum,3854
miniusb,3855
minneapolis,3856
minor,3857
mins,3858
minute,3859
minutely,3860
minutes,3861
minwow,3862
miranda,3863
miriam,3864
mis,3865
miscalculation,3866
miscnx,3867
misconnected,3868
miscounting,3869
miserable,3870
misfortune,3871
misinformation,3872
mislead,3873
mismanagement,3874
misplaced,3875
miss,3876
missed,3877
missedwork,3878
misses,3879
missing,3880
mistake,3881
mistakes,3882
mix,3883
mktg,3884
mkwlkr,3885
mllovelace,3886
mn,3887
mobi,3888
mobil,3889
mobile,3890
mobility,3891
mode,3892
model,3893
models,3894
moderate,3895
modern,3896
modest,3897
modify,3898
mojave,3899
moment,3900
moments,3901
mommy,3902
momsgoodeats,3903
mon,3904
mondays,3905
money,3906
moneyelsewhere,3907
moneynotspentonunited,3908
monitor,3909
monitoring,3910
monitory,3911
montana,3912
montego,3913
month,3914
months,3915
montreal,3916
mood,3917
moodlight,3918
moodlighting,3919
moodlitmonday,3920
moods,3921
moose,3922
more,3923
morn,3924
morning,3925
mornings,3926
morons,3927
mortified,3928
mos,3929
most,3930
mostly,3931
mothers,3932
motherâ,3933
motion,3934
motor,3935
mountains,3936
mounting,3937
mouse,3938
move,3939
moved,3940
movement,3941
moveoverall,3942
movie,3943
movies,3944
moviestrailers,3945
moving,3946
mow,3947
mpagent,3948
mpr,3949
msnbc,3950
much,3951
mucheveryday,3952
muchthe,3953
muchwith,3954
multi,3955
multicity,3956
multiple,3957
multiplication,3958
multiplier,3959
multitasking,3960
munich,3961
murdering,3962
muscular,3963
musicalso,3964
musicasking,3965
musicians,3966
musicthe,3967
musicweather,3968
musicyoutube,3969
must,3970
myselfothers,3971
mysterious,3972
mysteriously,3973
mystery,3974
nabi,3975
name,3976
named,3977
namely,3978
names,3979
namesdallas,3980
naming,3981
nana,3982
narayanan,3983
narita,3984
narrower,3985
nathankillam,3986
naturally,3987
nature,3988
navigate,3989
navigating,3990
navigation,3991
nc,3992
ndates,3993
near,3994
nearly,3995
nearterm,3996
neat,3997
necessary,3998
necessity,3999
need,4000
needed,4001
needespecially,4002
needing,4003
needless,4004
needs,4005
needsmy,4006
needtobehonest,4007
negative,4008
neglect,4009
negligence,4010
negligent,4011
negotiate,4012
neighbors,4013
nephew,4014
nephews,4015
nerd,4016
nerdbird,4017
nervous,4018
nest,4019
net,4020
network,4021
neurosurgery,4022
neven,4023
never,4024
neveragain,4025
neverflyvirginforbusiness,4026
new,4027
newamericanstinks,4028
newark,4029
newbie,4030
newer,4031
newest,4032
newly,4033
newness,4034
neworleans,4035
news,4036
newsetc,4037
newsflt,4038
newsvp,4039
newsweather,4040
newyork,4041
nexus,4042
nice,4043
nicely,4044
nicer,4045
nickles,4046
nicole,4047
niece,4048
nieces,4049
nifty,4050
nigeria,4051
night,4052
nightdeplaned,4053
nightmare,4054
nights,4055
nightstand,4056
nightyour,4057
nightâ,4058
no,4059
noair,4060
noanswer,4061
noapology,4062
nobody,4063
nobraineri,4064
nocompensation,4065
nocustomerservice,4066
nofun,4067
nogate,4068
noises,4069
nola,4070
nolo,4071
nominated,4072
nomorecheckedbags,4073
nomorevirgin,4074
non,4075
none,4076
nonempty,4077
nonenglish,4078
noneother,4079
nonphilips,4080
nonrefundable,4081
nonscreen,4082
nonsense,4083
nonservice,4084
nonstop,4085
nonupgrade,4086
nonweather,4087
noob,4088
nook,4089
noooo,4090
nope,4091
nor,4092
noreimbursement,4093
norfolk,4094
norm,4095
normal,4096
normally,4097
north,4098
norway,4099
noservice,4100
not,4101
notch,4102
notcool,4103
notdefinitely,4104
note,4105
notech,4106
noted,4107
notes,4108
notfair,4109
notgoodenough,4110
nothappy,4111
nother,4112
nothin,4113
notice,4114
noticeable,4115
noticeably,4116
noticed,4117
noticing,4118
notification,4119
notifications,4120
notified,4121
notify,4122
notifying,4123
notimpressed,4124
now,4125
nowhereland,4126
nprnews,4127
num,4128
number,4129
numberi,4130
numbers,4131
numerous,4132
nursery,4133
nut,4134
nuts,4135
obnoxious,4136
observe,4137
obsessed,4138
obvious,4139
obviously,4140
occasionally,4141
occasions,4142
occupied,4143
occupy,4144
occur,4145
occurred,4146
occurs,4147
odd,4148
oem,4149
off,4150
offenders,4151
offensive,4152
offer,4153
offered,4154
offering,4155
offers,4156
office,4157
officer,4158
official,4159
officially,4160
offs,4161
often,4162
ogg,4163
ohand,4164
ohare,4165
ohead,4166
ok,4167
okay,4168
okc,4169
oknot,4170
older,4171
oldest,4172
olds,4173
omg,4174
omnidirectional,4175
onall,4176
onboad,4177
onboard,4178
onboardalerted,4179
once,4180
ondemand,4181
oneasy,4182
onecould,4183
ones,4184
onestop,4185
ongoing,4186
online,4187
only,4188
onlyinamerica,4189
onoff,4190
onscreen,4191
ont,4192
ontime,4193
ooh,4194
oops,4195
opal,4196
opaque,4197
open,4198
opened,4199
opening,4200
opens,4201
opera,4202
operate,4203
operated,4204
operates,4205
operation,4206
operational,4207
operations,4208
operator,4209
operators,4210
opinion,4211
opportunities,4212
opportunity,4213
opposed,4214
ops,4215
opsec,4216
option,4217
options,4218
orbitz,4219
orddca,4220
ordealsigh,4221
order,4222
ordered,4223
ordering,4224
ordewr,4225
ordgtmsy,4226
ordlhr,4227
ordnoise,4228
ordseriously,4229
ordsfo,4230
oreos,4231
orf,4232
organization,4233
organize,4234
organizing,4235
orig,4236
origin,4237
original,4238
originally,4239
orlando,4240
orleans,4241
os,4242
oscarnight,4243
oscars,4244
oscarscountdown,4245
otherwise,4246
othing,4247
otis,4248
ots,4249
ottawa,4250
ou,4251
ouch,4252
outbound,4253
outcome,4254
outdone,4255
outdoor,4256
outfitted,4257
outlet,4258
outlets,4259
outlook,4260
outofdate,4261
output,4262
outputs,4263
outrage,4264
outrageous,4265
outsource,4266
outsourced,4267
outsourcing,4268
outstanding,4269
outward,4270
overal,4271
overall,4272
overbook,4273
overbooked,4274
overcarry,4275
overcharge,4276
overcharging,4277
overflight,4278
overhead,4279
overheating,4280
overkill,4281
overlooking,4282
overnight,4283
overselling,4284
oversized,4285
oversold,4286
overweight,4287
overwhelmed,4288
owed,4289
owner,4290
owners,4291
pa,4292
pacific,4293
pacificbiznews,4294
pack,4295
package,4296
packages,4297
packaging,4298
packed,4299
packing,4300
pad,4301
padded,4302
page,4303
pages,4304
paid,4305
paigeworthy,4306
pain,4307
painful,4308
painless,4309
pair,4310
paired,4311
pairing,4312
pairings,4313
pairs,4314
pales,4315
palm,4316
panamerican,4317
panel,4318
panic,4319
panicked,4320
pants,4321
paper,4322
paperback,4323
papers,4324
paperwork,4325
parachuteguy,4326
parent,4327
parental,4328
parents,4329
park,4330
parked,4331
parody,4332
part,4333
partial,4334
parties,4335
partly,4336
partner,4337
partners,4338
parts,4339
party,4340
pasengers,4341
pass,4342
passbook,4343
passcode,4344
passed,4345
passenegers,4346
passenger,4347
passengers,4348
passes,4349
passing,4350
passport,4351
password,4352
past,4353
paste,4354
pat,4355
patches,4356
path,4357
pathetic,4358
patience,4359
patient,4360
patiently,4361
pattern,4362
patterns,4363
paul,4364
paws,4365
pax,4366
paxex,4367
pay,4368
payed,4369
paying,4370
payment,4371
payments,4372
pays,4373
pbampj,4374
pbi,4375
pc,4376
pdf,4377
pdfs,4378
pdx,4379
peace,4380
peanuts,4381
peanutsnuts,4382
peasy,4383
pedophile,4384
pedro,4385
peeps,4386
peer,4387
pek,4388
pen,4389
penalty,4390
pending,4391
penny,4392
pennypincher,4393
pens,4394
people,4395
peoplei,4396
peopleon,4397
peoples,4398
pepper,4399
percent,4400
perfect,4401
perfectgrandson,4402
perfectly,4403
perform,4404
performance,4405
performed,4406
performing,4407
performs,4408
period,4409
periods,4410
permanently,4411
permission,4412
persisting,4413
person,4414
personal,4415
personalized,4416
personally,4417
personnel,4418
perspective,4419
perth,4420
pertinent,4421
pesky,4422
peterstraubmma,4423
pgatour,4424
pgh,4425
ph,4426
phantom,4427
phenomenal,4428
philadelphia,4429
philippines,4430
philips,4431
philipâ,4432
phillips,4433
philly,4434
phl,4435
phlsfo,4436
phn,4437
phoenix,4438
phone,4439
phonehung,4440
phones,4441
phonethey,4442
phooey,4443
photo,4444
photos,4445
photosoverall,4446
physical,4447
pia,4448
pic,4449
pick,4450
picked,4451
pickin,4452
picking,4453
picks,4454
pickup,4455
pics,4456
picture,4457
pictures,4458
piece,4459
pieces,4460
piggy,4461
pile,4462
pillows,4463
pilot,4464
pilots,4465
pin,4466
pink,4467
pins,4468
pirime,4469
piss,4470
pissed,4471
pit,4472
pita,4473
pitiad,4474
pivot,4475
pivotalcf,4476
pixelated,4477
pjs,4478
place,4479
placed,4480
placedranked,4481
places,4482
placing,4483
plague,4484
plain,4485
plan,4486
plane,4487
planehow,4488
planes,4489
planesplane,4490
planet,4491
planned,4492
plannedneverflyvirginforbusiness,4493
planning,4494
plans,4495
plastic,4496
plate,4497
platinum,4498
platinummember,4499
platter,4500
playback,4501
played,4502
playimg,4503
playing,4504
playlist,4505
playlists,4506
plays,4507
playtime,4508
pleanty,4509
pleasant,4510
pleasantly,4511
pleasure,4512
pleasurerelief,4513
plowing,4514
pls,4515
plugged,4516
plugging,4517
plundering,4518
plus,4519
plusamazon,4520
plusi,4521
plusit,4522
pluss,4523
pluswaiting,4524
plying,4525
plz,4526
pnr,4527
pocket,4528
pods,4529
point,4530
pointbut,4531
pointed,4532
pointless,4533
points,4534
pointsmileage,4535
poisoning,4536
poker,4537
poles,4538
police,4539
policies,4540
policiescost,4541
policy,4542
polite,4543
politely,4544
poof,4545
pool,4546
poolside,4547
poor,4548
poorcustomerservice,4549
poorly,4550
poornoncommunication,4551
poorservice,4552
pop,4553
popping,4554
pops,4555
popular,4556
populate,4557
population,4558
port,4559
portable,4560
portfolio,4561
portion,4562
portland,4563
ports,4564
pos,4565
position,4566
positional,4567
positive,4568
possessions,4569
possibilities,4570
possible,4571
possibly,4572
post,4573
posted,4574
posts,4575
potential,4576
potentially,4577
pound,4578
pounding,4579
power,4580
powerful,4581
ppl,4582
pqd,4583
pqds,4584
pqm,4585
pqms,4586
pr,4587
practical,4588
practicality,4589
practice,4590
practiced,4591
practices,4592
pray,4593
praying,4594
pre,4595
preboard,4596
preboarding,4597
prebooked,4598
precheck,4599
precious,4600
precioustime,4601
precipitation,4602
precise,4603
preciseaccurateand,4604
predawn,4605
predicting,4606
preemptive,4607
preexisting,4608
prefect,4609
prefer,4610
preferably,4611
preference,4612
preferred,4613
prefers,4614
preflight,4615
preforms,4616
preinstalled,4617
preloaded,4618
premgold,4619
premier,4620
premiere,4621
premiers,4622
premium,4623
prepaid,4624
prepare,4625
prepared,4626
prepares,4627
pres,4628
presales,4629
preschooler,4630
preschoolers,4631
prescreen,4632
prescribe,4633
preselect,4634
present,4635
presented,4636
presents,4637
president,4638
pressure,4639
pressurecooker,4640
pressurization,4641
pretend,4642
pretending,4643
pretty,4644
pretzels,4645
prevent,4646
preventative,4647
prevented,4648
prevents,4649
previous,4650
previously,4651
pri,4652
price,4653
priced,4654
priceless,4655
prices,4656
pricey,4657
pricier,4658
priciest,4659
priduct,4660
primarily,4661
primary,4662
prime,4663
primetime,4664
prince,4665
princesshalf,4666
print,4667
printed,4668
prior,4669
prioritize,4670
priority,4671
prison,4672
private,4673
privilege,4674
privileges,4675
prize,4676
prob,4677
problem,4678
problems,4679
problemsolvers,4680
problemss,4681
probs,4682
procedure,4683
proceeded,4684
process,4685
processed,4686
processor,4687
produce,4688
product,4689
productfeatures,4690
productgood,4691
productmodel,4692
productmy,4693
products,4694
productsthe,4695
productsu,4696
productswith,4697
productvery,4698
productyou,4699
professionalnice,4700
profile,4701
profilei,4702
profiles,4703
profit,4704
profitability,4705
program,4706
programmed,4707
programming,4708
programs,4709
progress,4710
progressed,4711
progressing,4712
prohibits,4713
project,4714
projects,4715
prolly,4716
prom,4717
promise,4718
promised,4719
promises,4720
promising,4721
promo,4722
promoting,4723
prompt,4724
pronunciate,4725
proof,4726
proper,4727
properly,4728
property,4729
proportion,4730
proprietary,4731
pros,4732
prostheir,4733
protect,4734
protected,4735
protection,4736
protective,4737
protector,4738
protects,4739
proud,4740
prove,4741
proven,4742
providence,4743
provider,4744
ps,4745
psngrs,4746
psp,4747
pssgrs,4748
pssngrs,4749
pt,4750
ptfo,4751
pts,4752
public,4753
publicly,4754
published,4755
puj,4756
pull,4757
pulled,4758
pulling,4759
pumper,4760
pun,4761
punch,4762
puppy,4763
purchase,4764
purchased,4765
purchasenew,4766
purchases,4767
purchasesi,4768
purchasi,4769
purchasing,4770
pure,4771
purpose,4772
purposes,4773
purse,4774
push,4775
pushed,4776
pushing,4777
put,4778
puts,4779
putting,4780
puzzles,4781
pvd,4782
pvdiad,4783
qantas,4784
qc,4785
quadruples,4786
qualifies,4787
quality,4788
qualties,4789
question,4790
questionare,4791
questions,4792
quetion,4793
queue,4794
queues,4795
quick,4796
quicker,4797
quickly,4798
quiet,4799
quieter,4800
quit,4801
quito,4802
quotations,4803
quote,4804
quoted,4805
race,4806
rachelle,4807
rad,4808
radio,4809
radioi,4810
raeann,4811
rafio,4812
rag,4813
rage,4814
railed,4815
rain,4816
raise,4817
raised,4818
raising,4819
raleigh,4820
ramp,4821
ramps,4822
ran,4823
random,4824
randomly,4825
rang,4826
range,4827
ranked,4828
rantyou,4829
rapid,4830
rapidly,4831
rare,4832
rarely,4833
rate,4834
rated,4835
ratepolicy,4836
rates,4837
rating,4838
rave,4839
ravioli,4840
ray,4841
razor,4842
rcvd,4843
rdu,4844
rdui,4845
reach,4846
reached,4847
reaches,4848
reaching,4849
react,4850
read,4851
readable,4852
reader,4853
readers,4854
readersif,4855
readhe,4856
reading,4857
reads,4858
ready,4859
reagan,4860
real,4861
realise,4862
realistically,4863
reality,4864
realize,4865
realized,4866
reallyyou,4867
rear,4868
rearrange,4869
reason,4870
reasonable,4871
reasonably,4872
reasons,4873
reassign,4874
rebecca,4875
rebel,4876
rebook,4877
rebooked,4878
rebookedarrived,4879
reboot,4880
rebooting,4881
reccewife,4882
reccomend,4883
recd,4884
receipies,4885
receipt,4886
receipts,4887
receive,4888
received,4889
receiver,4890
recent,4891
recently,4892
recepies,4893
recheck,4894
recieve,4895
recieved,4896
recipe,4897
recipes,4898
recipesvideos,4899
recipient,4900
recipies,4901
reclaim,4902
recline,4903
reclining,4904
recognition,4905
recognize,4906
recognized,4907
recognizes,4908
recomend,4909
recomending,4910
recommend,4911
recommendation,4912
recommended,4913
reconnected,4914
reconsider,4915
record,4916
recording,4917
recouping,4918
recourse,4919
recovered,4920
recovering,4921
recruiter,4922
rectify,4923
red,4924
redcarpet,4925
redeem,4926
redeemed,4927
redesign,4928
redeye,4929
redirected,4930
reduce,4931
reduces,4932
redwineisbetter,4933
reebok,4934
reeks,4935
ref,4936
refer,4937
reference,4938
referencing,4939
referral,4940
referring,4941
reflight,4942
refrain,4943
refresh,4944
refreshed,4945
refreshes,4946
refreshing,4947
refreshments,4948
refuel,4949
refueled,4950
refueling,4951
refund,4952
refundable,4953
refunded,4954
refunding,4955
refuse,4956
refused,4957
refuses,4958
refusing,4959
regard,4960
regardless,4961
regards,4962
regional,4963
register,4964
registered,4965
registering,4966
regrading,4967
regret,4968
regrets,4969
regular,4970
regularly,4971
regulation,4972
regulations,4973
reimburse,4974
reimbursed,4975
reimbursement,4976
reinstated,4977
reinstating,4978
reinterview,4979
reissue,4980
reissued,4981
relations,4982
relationship,4983
relative,4984
relatives,4985
relaxed,4986
relaxing,4987
relayed,4988
release,4989
released,4990
reliable,4991
relocated,4992
reluctant,4993
rely,4994
remain,4995
remaining,4996
remains,4997
remarkable,4998
remarks,4999
remedy,5000
remember,5001
remembered,5002
remembering,5003
remind,5004
reminded,5005
reminder,5006
reminders,5007
reminding,5008
reminds,5009
reminers,5010
remorse,5011
remote,5012
remotely,5013
remove,5014
removed,5015
renew,5016
reno,5017
renoairport,5018
rent,5019
rental,5020
rentals,5021
rented,5022
renting,5023
renttherunway,5024
reopen,5025
reordering,5026
reorders,5027
rep,5028
repaid,5029
repair,5030
repairs,5031
repeat,5032
repeatably,5033
repeated,5034
repeatedly,5035
repeating,5036
repertoire,5037
replace,5038
replaced,5039
replacement,5040
replaces,5041
replacing,5042
replies,5043
reply,5044
replying,5045
report,5046
reported,5047
reporting,5048
reports,5049
representative,5050
representatives,5051
represents,5052
reps,5053
reputable,5054
reputation,5055
request,5056
requestanswers,5057
requested,5058
requesting,5059
requests,5060
require,5061
required,5062
requirement,5063
requirements,5064
requires,5065
requiresshe,5066
reroute,5067
rerouted,5068
reschedule,5069
rescheduled,5070
rescheduling,5071
research,5072
researched,5073
researching,5074
reseated,5075
resell,5076
resend,5077
resent,5078
reserv,5079
reservation,5080
reservationhelpful,5081
reservations,5082
reserve,5083
reserved,5084
reset,5085
resist,5086
resistant,5087
resisted,5088
resolution,5089
resolutions,5090
resolve,5091
resolved,5092
resolving,5093
resourcesratings,5094
respect,5095
respects,5096
respond,5097
responded,5098
responding,5099
responds,5100
response,5101
responsedisappointed,5102
responseplease,5103
responses,5104
responseservice,5105
responsesme,5106
responsibility,5107
responsible,5108
responsive,5109
ressie,5110
rest,5111
restating,5112
restaurant,5113
resting,5114
restore,5115
restricted,5116
restriction,5117
restrictions,5118
restrm,5119
restructured,5120
result,5121
resulted,5122
results,5123
resume,5124
retailbagholder,5125
retain,5126
retards,5127
retook,5128
retrain,5129
retrieve,5130
return,5131
returned,5132
returning,5133
returns,5134
retweet,5135
reunion,5136
reuniting,5137
reuters,5138
reveal,5139
revenue,5140
review,5141
reviewed,5142
reviews,5143
revisiting,5144
revue,5145
reward,5146
rhonda,5147
rhymes,5148
rich,5149
richard,5150
rick,5151
ricks,5152
rid,5153
ride,5154
rides,5155
ridiculous,5156
ridiculousness,5157
riding,5158
right,5159
rights,5160
rikrik,5161
rim,5162
ring,5163
rings,5164
riot,5165
ripoff,5166
ripoffs,5167
ripped,5168
ripping,5169
rise,5170
risk,5171
ritacomo,5172
rivals,5173
rnp,5174
road,5175
roads,5176
roaming,5177
roanoke,5178
roasted,5179
robbedexplain,5180
robbing,5181
robbogart,5182
robin,5183
robot,5184
robotic,5185
robots,5186
robotweeting,5187
robthecameraman,5188
robust,5189
rock,5190
rockies,5191
rockinwellness,5192
rocks,5193
rockstar,5194
rockstars,5195
rollaboard,5196
rolled,5197
rollerboards,5198
rollers,5199
rolling,5200
rookie,5201
rooms,5202
rosetta,5203
rotate,5204
rotten,5205
rough,5206
round,5207
roundtrip,5208
route,5209
router,5210
routes,5211
routine,5212
routinely,5213
routines,5214
routing,5215
row,5216
rows,5217
royal,5218
royally,5219
rozana,5220
rsw,5221
rtb,5222
rtbgtiah,5223
ru,5224
rubber,5225
rubbish,5226
rude,5227
rudeness,5228
rudest,5229
rudeî,5230
rugged,5231
ruin,5232
ruined,5233
ruining,5234
rules,5235
run,5236
runaround,5237
rung,5238
runners,5239
running,5240
runs,5241
runway,5242
rush,5243
russell,5244
rutine,5245
sabe,5246
sacramento,5247
sad,5248
saddening,5249
sadly,5250
safari,5251
safe,5252
safeguards,5253
safely,5254
safer,5255
safety,5256
safetyconvenience,5257
saga,5258
saipan,5259
sakes,5260
sale,5261
sales,5262
salesman,5263
salesmen,5264
salisbury,5265
salt,5266
salvaged,5267
salve,5268
sam,5269
samartzis,5270
samaumg,5271
sample,5272
samsung,5273
samsungverizon,5274
san,5275
sandiego,5276
sandra,5277
sandwich,5278
sanfrancisco,5279
sanity,5280
santa,5281
sarah,5282
sarcasm,5283
sarcastically,5284
sardine,5285
sat,5286
satasified,5287
satisfaction,5288
satisfactory,5289
satisfied,5290
sato,5291
save,5292
saver,5293
saves,5294
savethediagonals,5295
saving,5296
savings,5297
savvy,5298
savy,5299
say,5300
saying,5301
sayinggoogle,5302
says,5303
sba,5304
sbn,5305
scam,5306
scan,5307
scanned,5308
scare,5309
scared,5310
scary,5311
scaryso,5312
sceptical,5313
sched,5314
schedule,5315
scheduled,5316
scheduling,5317
sciencebehindtheexperience,5318
scl,5319
scolding,5320
scooby,5321
score,5322
scores,5323
scott,5324
scotthroth,5325
scream,5326
screaming,5327
screendamaged,5328
screening,5329
screenits,5330
screensand,5331
screenshot,5332
screenslousy,5333
screenâ,5334
screw,5335
screwed,5336
screwing,5337
screws,5338
scroll,5339
scrolling,5340
scrolls,5341
scvpools,5342
sd,5343
sdf,5344
sdmini,5345
seahou,5346
seamless,5347
seamlessly,5348
seanmfmadden,5349
search,5350
searched,5351
searches,5352
searching,5353
season,5354
seat,5355
seatarmrest,5356
seatback,5357
seatbelt,5358
seated,5359
seating,5360
seatmate,5361
seatout,5362
seats,5363
seattle,5364
seau,5365
sec,5366
second,5367
seconds,5368
secret,5369
secrets,5370
section,5371
sectionâ,5372
sector,5373
secure,5374
secured,5375
security,5376
seductive,5377
seeing,5378
seek,5379
seeking,5380
seen,5381
sees,5382
seevery,5383
seg,5384
sega,5385
segment,5386
segments,5387
segs,5388
segway,5389
select,5390
selected,5391
selecting,5392
selection,5393
selects,5394
self,5395
selfservice,5396
sell,5397
selling,5398
sellthanks,5399
sendambien,5400
sending,5401
sendingposting,5402
sends,5403
senior,5404
sense,5405
senses,5406
sensitive,5407
sensitivity,5408
sensor,5409
sentinel,5410
separate,5411
separated,5412
sept,5413
series,5414
serious,5415
seriously,5416
seriousness,5417
serve,5418
served,5419
serves,5420
servicealthough,5421
servicedog,5422
servicefail,5423
servicehaving,5424
servicemost,5425
servicessomething,5426
servicethank,5427
sesame,5428
session,5429
set,5430
setback,5431
setting,5432
settings,5433
settle,5434
settled,5435
setup,5436
setupthe,5437
severe,5438
severely,5439
shady,5440
shaker,5441
shaking,5442
shaky,5443
shambles,5444
shame,5445
shameful,5446
shampoo,5447
shanghai,5448
shannon,5449
shape,5450
share,5451
shared,5452
shares,5453
sharing,5454
sharp,5455
sharper,5456
shattered,5457
shelf,5458
shell,5459
shelling,5460
sherocks,5461
sheâ,5462
shift,5463
ship,5464
shipped,5465
shipping,5466
shirts,5467
shit,5468
shits,5469
shitty,5470
shocked,5471
shocking,5472
shoe,5473
shoes,5474
shop,5475
shopping,5476
short,5477
shortcomings,5478
shortly,5479
shot,5480
shots,5481
should,5482
shoulder,5483
shouldhaveflowndelta,5484
shouldnt,5485
shouldve,5486
shouldî,5487
shout,5488
shower,5489
showexpert,5490
showing,5491
showsmovies,5492
showsomerespect,5493
showthe,5494
showâ,5495
shrinerack,5496
shrug,5497
shrugging,5498
shut,5499
shuts,5500
shuttle,5501
shv,5502
siblings,5503
sick,5504
side,5505
sides,5506
sidewhy,5507
sight,5508
sign,5509
signed,5510
signin,5511
signon,5512
signup,5513
silicon,5514
silk,5515
silly,5516
silver,5517
silverairways,5518
silverstatus,5519
sime,5520
simonroesner,5521
simple,5522
simpleall,5523
simplest,5524
simplicity,5525
simplified,5526
simplifieddefinitely,5527
simply,5528
sincere,5529
sincerely,5530
sing,5531
singapore,5532
singer,5533
singing,5534
single,5535
singsâ,5536
siouxfalls,5537
sir,5538
siri,5539
sirius,5540
sirus,5541
sisters,5542
sit,5543
site,5544
siteî,5545
siting,5546
sits,5547
sitting,5548
situation,5549
situations,5550
sixyearolds,5551
sized,5552
skateboards,5553
sked,5554
skeptical,5555
ski,5556
skibootbag,5557
skies,5558
skiing,5559
skill,5560
skilled,5561
skills,5562
skin,5563
skips,5564
skis,5565
sky,5566
skype,5567
skyteam,5568
skywest,5569
slc,5570
sleek,5571
sleep,5572
sleepbut,5573
sleeping,5574
slept,5575
slew,5576
sliced,5577
slideshows,5578
slight,5579
slim,5580
slimmer,5581
sloppy,5582
slot,5583
slots,5584
slow,5585
slower,5586
slowly,5587
slows,5588
smaand,5589
smahome,5590
small,5591
smaller,5592
smallerthinner,5593
smallest,5594
smart,5595
smartconnected,5596
smarter,5597
smarthome,5598
smartphone,5599
smartthing,5600
smartthings,5601
smelled,5602
smells,5603
smile,5604
smisek,5605
smoking,5606
smooth,5607
smoothest,5608
smoothie,5609
smoothly,5610
sms,5611
sna,5612
snacks,5613
snap,5614
sneaky,5615
snobby,5616
snow,5617
snowboard,5618
snowstorm,5619
snowy,5620
snug,5621
sobbed,5622
sobewff,5623
social,5624
society,5625
socketyou,5626
soda,5627
soft,5628
software,5629
sold,5630
sole,5631
solid,5632
solo,5633
solution,5634
solutions,5635
solve,5636
solved,5637
solves,5638
solving,5639
sombrons,5640
someones,5641
someplace,5642
sometime,5643
songreat,5644
songsgreat,5645
sonos,5646
sons,5647
sony,5648
sonâ,5649
soo,5650
sooner,5651
soonyoutube,5652
sooo,5653
soooo,5654
soooooo,5655
soothing,5656
sorcerers,5657
sore,5658
soreback,5659
sorry,5660
sorrynotsorry,5661
sort,5662
sorted,5663
sorting,5664
sorts,5665
sos,5666
sotelo,5667
sound,5668
sounded,5669
sounding,5670
soundlove,5671
soundmusic,5672
sounds,5673
soundtrack,5674
source,5675
sous,5676
south,5677
southbendinwhere,5678
southern,5679
southwest,5680
southwestair,5681
sp,5682
space,5683
spaces,5684
spaghetti,5685
spamjunk,5686
spanish,5687
spare,5688
speak,5689
speaker,5690
speakerphone,5691
speakers,5692
speaking,5693
speaks,5694
special,5695
specific,5696
specifically,5697
specs,5698
spectacular,5699
speech,5700
speed,5701
speedcons,5702
spelled,5703
spelling,5704
spend,5705
spending,5706
spends,5707
spent,5708
spilled,5709
spin,5710
spite,5711
split,5712
splitting,5713
spoil,5714
spoiled,5715
spoke,5716
spoken,5717
spongbob,5718
sponsor,5719
spook,5720
spooky,5721
sport,5722
sports,5723
spot,5724
spotify,5725
spots,5726
spotty,5727
spouse,5728
spread,5729
springs,5730
sprinkled,5731
sprint,5732
spruce,5733
spur,5734
squad,5735
square,5736
squared,5737
st,5738
stable,5739
staff,5740
staffcust,5741
staffed,5742
staffers,5743
stages,5744
stains,5745
stair,5746
stairs,5747
stall,5748
stalls,5749
stamp,5750
stand,5751
standard,5752
standards,5753
standby,5754
standbye,5755
standbys,5756
standing,5757
stands,5758
star,5759
staralliance,5760
starboard,5761
starbucks,5762
stare,5763
stars,5764
start,5765
started,5766
starter,5767
starting,5768
startling,5769
starts,5770
stat,5771
state,5772
stated,5773
statement,5774
states,5775
station,5776
stations,5777
status,5778
statusand,5779
statusmatch,5780
stay,5781
stayed,5782
staying,5783
stays,5784
stdby,5785
steal,5786
steamboat,5787
steaming,5788
steel,5789
steep,5790
stellar,5791
step,5792
stepkids,5793
stepped,5794
stepping,5795
steps,5796
stepshows,5797
stepsresponsive,5798
sterdy,5799
stereo,5800
stero,5801
steve,5802
stewardess,5803
stewart,5804
sthings,5805
sti,5806
stick,5807
stickingtodelta,5808
still,5809
stillnobags,5810
stingiest,5811
stingy,5812
stink,5813
stinks,5814
stinky,5815
stl,5816
stndby,5817
stock,5818
stocker,5819
stole,5820
stolen,5821
stone,5822
stonewalled,5823
stood,5824
stopping,5825
storage,5826
store,5827
stored,5828
stores,5829
stories,5830
storing,5831
storm,5832
story,5833
stow,5834
straight,5835
straighten,5836
straightend,5837
straightened,5838
strain,5839
strand,5840
stranded,5841
stranding,5842
strandusindenver,5843
strange,5844
strangers,5845
strategy,5846
straw,5847
strayed,5848
stream,5849
streaming,5850
streams,5851
street,5852
streets,5853
stress,5854
stressed,5855
stressful,5856
stressors,5857
stretching,5858
strike,5859
strikes,5860
stringer,5861
strip,5862
strive,5863
strong,5864
strongly,5865
structure,5866
stt,5867
stuck,5868
stuckon,5869
student,5870
students,5871
studied,5872
study,5873
stuff,5874
stunned,5875
stunning,5876
stupid,5877
sturdier,5878
sturdy,5879
style,5880
stylesheets,5881
styling,5882
stylish,5883
stylus,5884
subcategories,5885
submit,5886
submitted,5887
subscribed,5888
subscription,5889
subscriptions,5890
subsequent,5891
subsided,5892
substandard,5893
substantial,5894
substitutes,5895
subtlety,5896
success,5897
suchi,5898
suck,5899
sucked,5900
sucking,5901
sucks,5902
suddenly,5903
suffer,5904
suffering,5905
sufficient,5906
sugafly,5907
suggest,5908
suggested,5909
suggesting,5910
suggestion,5911
suggestions,5912
suicide,5913
suit,5914
suitable,5915
suitcase,5916
suits,5917
suitshirts,5918
sukhdeep,5919
summer,5920
sun,5921
sunburn,5922
sundays,5923
sunglasses,5924
sunlight,5925
sunny,5926
sunrise,5927
sunset,5928
suntoshi,5929
super,5930
superb,5931
superben,5932
superbowl,5933
superfast,5934
superfluous,5935
superior,5936
supervisor,5937
supervisors,5938
supp,5939
supplies,5940
supply,5941
support,5942
supported,5943
supporting,5944
supportive,5945
supports,5946
suppose,5947
supposed,5948
suprises,5949
surcharge,5950
sure,5951
surf,5952
surfer,5953
surfing,5954
surgeries,5955
surgery,5956
suri,5957
surly,5958
surname,5959
surprise,5960
surprised,5961
surprises,5962
surprising,5963
surprisingly,5964
surrounding,5965
survey,5966
surveyemail,5967
survived,5968
suspect,5969
suuperg,5970
svc,5971
svcs,5972
sw,5973
swanky,5974
swapped,5975
swapping,5976
sweet,5977
swimsuits,5978
swing,5979
swipe,5980
swiss,5981
switch,5982
switched,5983
switches,5984
switching,5985
swivel,5986
sydneyairport,5987
sympathetic,5988
sync,5989
syncd,5990
synced,5991
synchronized,5992
syncing,5993
syncs,5994
synonymous,5995
systembought,5996
systemhelpful,5997
systemlove,5998
systems,5999
systemsmy,6000
systemwide,6001
sytycd,6002
ta,6003
tab,6004
table,6005
tablethe,6006
tabletit,6007
tabletsthey,6008
tabletwithstands,6009
tabletyou,6010
tacky,6011
tactic,6012
tactile,6013
tag,6014
tagged,6015
tagging,6016
tags,6017
tail,6018
tailwind,6019
taiwan,6020
take,6021
taken,6022
takeoff,6023
takes,6024
taking,6025
talk,6026
talked,6027
talking,6028
talks,6029
tampa,6030
tango,6031
tank,6032
tap,6033
tapped,6034
taps,6035
tarmac,6036
tasha,6037
task,6038
tasks,6039
tasty,6040
taxes,6041
taxi,6042
taxies,6043
taxing,6044
taxis,6045
tbd,6046
tcmparty,6047
tea,6048
teach,6049
teaches,6050
teaching,6051
team,6052
teamagain,6053
teamim,6054
teams,6055
teamusa,6056
tech,6057
techie,6058
technical,6059
technically,6060
technician,6061
techniques,6062
technologically,6063
technologies,6064
technology,6065
techonology,6066
ted,6067
teeming,6068
teens,6069
teeth,6070
tel,6071
telaviv,6072
teleconference,6073
telephone,6074
teleportation,6075
television,6076
tell,6077
telling,6078
tells,6079
temperature,6080
temps,6081
tempting,6082
tend,6083
terminal,6084
terminals,6085
terms,6086
terri,6087
terrible,6088
terriblecustomerservice,6089
terribleservice,6090
terribly,6091
terrific,6092
test,6093
testing,6094
texas,6095
text,6096
textbook,6097
texted,6098
texting,6099
texts,6100
thai,6101
thaiairways,6102
thailand,6103
thank,6104
thanked,6105
thankfully,6106
thanking,6107
thanks,6108
thanksgiving,6109
thanksseat,6110
thanksunited,6111
thankyou,6112
thanx,6113
thatmy,6114
thats,6115
thatâ,6116
theairhelper,6117
theater,6118
thehipmunk,6119
themalso,6120
themsound,6121
themwe,6122
therapy,6123
therefore,6124
theres,6125
thereâ,6126
thermostat,6127
thermostatmy,6128
theworst,6129
theyd,6130
theyll,6131
theyre,6132
theyve,6133
theyâ,6134
thick,6135
thicker,6136
thin,6137
think,6138
thinkbus,6139
thinking,6140
thinks,6141
thinnest,6142
third,6143
thisiscoach,6144
thisit,6145
thks,6146
thnx,6147
tho,6148
thomas,6149
thoroughly,6150
thoughand,6151
thought,6152
thoughtful,6153
thoughts,6154
thousand,6155
thousands,6156
thread,6157
threatened,6158
threatens,6159
threehourslate,6160
threw,6161
thrilled,6162
throw,6163
throwing,6164
thrown,6165
throws,6166
thumbs,6167
thurs,6168
thx,6169
tic,6170
tick,6171
ticked,6172
ticket,6173
ticketed,6174
ticketeven,6175
tickets,6176
ticking,6177
tickt,6178
tide,6179
tides,6180
tie,6181
tied,6182
ties,6183
tiffanyandco,6184
tight,6185
tightconnection,6186
til,6187
timco,6188
time,6189
timehe,6190
timeliness,6191
timely,6192
timer,6193
timeralarmsand,6194
timers,6195
times,6196
timesendless,6197
timezones,6198
timing,6199
tinder,6200
tinderchamp,6201
tindertips,6202
tiny,6203
tip,6204
tips,6205
tire,6206
tired,6207
tiredofthis,6208
tiredofwaiting,6209
title,6210
tivo,6211
toast,6212
tock,6213
today,6214
todaychecked,6215
todays,6216
todaywhats,6217
toddler,6218
toddlers,6219
toddlerseasy,6220
todo,6221
toilets,6222
tokyo,6223
told,6224
tolerable,6225
tom,6226
tomorrow,6227
tomorrows,6228
tomusic,6229
ton,6230
tone,6231
tonight,6232
tonights,6233
tonite,6234
tons,6235
tonserve,6236
took,6237
tool,6238
tools,6239
tooltoy,6240
toot,6241
tooth,6242
toothpaste,6243
tooworks,6244
top,6245
topics,6246
topnews,6247
toronto,6248
tossed,6249
tosses,6250
tot,6251
total,6252
totally,6253
touch,6254
touchable,6255
touchdown,6256
touched,6257
touching,6258
touchy,6259
tough,6260
toughshe,6261
tour,6262
tourist,6263
town,6264
toy,6265
toys,6266
tpa,6267
tpallini,6268
tplink,6269
trace,6270
tracfonecurrently,6271
tracing,6272
track,6273
tracking,6274
traded,6275
traditional,6276
traditionalist,6277
traditions,6278
traffic,6279
trailer,6280
trailers,6281
train,6282
trained,6283
training,6284
transaction,6285
transactional,6286
transatlantic,6287
transcontinental,6288
transfer,6289
transferred,6290
transfers,6291
transformative,6292
transforming,6293
transforms,6294
transit,6295
transition,6296
translates,6297
transparency,6298
transparent,6299
transpired,6300
transport,6301
trapped,6302
trappedhouston,6303
trash,6304
trashy,6305
travel,6306
travelbank,6307
traveled,6308
traveler,6309
travelers,6310
travelhelp,6311
traveling,6312
travelled,6313
traveller,6314
travelling,6315
travelocity,6316
travels,6317
travelzoo,6318
tray,6319
treat,6320
treated,6321
treating,6322
treatment,6323
treats,6324
tree,6325
trekâ,6326
tremendous,6327
trend,6328
trial,6329
trials,6330
trick,6331
tricks,6332
tricky,6333
trickybut,6334
tried,6335
tries,6336
trilogies,6337
trip,6338
tripitpro,6339
tripping,6340
trips,6341
trivia,6342
triviasome,6343
trolls,6344
trouble,6345
troubles,6346
troubleshoot,6347
troubling,6348
troy,6349
truck,6350
TRUE,6351
truly,6352
trust,6353
trusted,6354
truth,6355
truutall,6356
trvlno,6357
try,6358
tryagain,6359
trying,6360
tryn,6361
tryna,6362
tube,6363
tucking,6364
tucson,6365
tues,6366
tumitravel,6367
tune,6368
tuned,6369
turbulence,6370
turkish,6371
turn,6372
turnaround,6373
turned,6374
turning,6375
turns,6376
turquoise,6377
tv,6378
tvect,6379
tvplay,6380
tvs,6381
tweak,6382
tweet,6383
tweeted,6384
tweeting,6385
tweets,6386
twelve,6387
twice,6388
twitter,6389
twitteremailweb,6390
twitterliterate,6391
twtr,6392
ty,6393
tying,6394
type,6395
typical,6396
typically,6397
typing,6398
ua,6399
ual,6400
uggh,6401
ugh,6402
uh,6403
ui,6404
ultimate,6405
ultimately,6406
unable,6407
unacceptable,6408
unaccompanied,6409
unaccounted,6410
unanswered,6411
unanticipated,6412
unavailable,6413
unavailableto,6414
unaware,6415
unbalanced,6416
unbeatable,6417
unbelievable,6418
unbelievablebetter,6419
unbelievably,6420
uncaring,6421
uncle,6422
unclear,6423
uncomfortable,6424
unconditional,6425
unconscionable,6426
uncontrollably,6427
und,6428
under,6429
undergoing,6430
understaffed,6431
understand,6432
understandable,6433
understandably,6434
understanding,6435
understands,6436
understatement,6437
understood,6438
undertrained,6439
underweight,6440
undetermined,6441
unempathetic,6442
unexpected,6443
unfair,6444
unfamiliar,6445
unforeseeable,6446
unfortunate,6447
unfortunately,6448
unfriendly,6449
unfriendlyskies,6450
unhappy,6451
unhappyspend,6452
unhappytraveler,6453
unhelpful,6454
unhelpfulness,6455
uniform,6456
unimpressed,6457
unit,6458
united,6459
unitedagainstunited,6460
unitedairlines,6461
unitedairlinessucks,6462
unitedairlinessux,6463
unitedappeals,6464
unitedbreaksguitars,6465
uniteddo,6466
unitedexcited,6467
unitedfail,6468
unitedfirst,6469
unitedhas,6470
unitedhatesusall,6471
unitedlies,6472
unitedrebooked,6473
uniteds,6474
unitedsucks,6475
unitedsucksdick,6476
unitedunimpressed,6477
unitedwithivy,6478
unitedworstever,6479
units,6480
universally,6481
unknown,6482
unleashed,6483
unless,6484
unlike,6485
unlikely,6486
unlimited,6487
unlock,6488
unlocking,6489
unmet,6490
unmissable,6491
unnecessarily,6492
unnecessary,6493
unnerving,6494
unplanned,6495
unpleased,6496
unplug,6497
unplugging,6498
unprecedented,6499
unprofessional,6500
unreal,6501
unrealistic,6502
unrelate,6503
unrelated,6504
unresolved,6505
unrivalled,6506
unsafe,6507
unscheduled,6508
unsmiling,6509
unsure,6510
unsympathetic,6511
untd,6512
unusable,6513
unused,6514
unwind,6515
upat,6516
upc,6517
upchanged,6518
upcoming,6519
update,6520
updated,6521
updates,6522
updating,6523
upfare,6524
upgd,6525
upgrade,6526
upgraded,6527
upgrades,6528
upgrading,6529
upgrd,6530
uphelp,6531
uphold,6532
uplink,6533
upload,6534
upset,6535
upsetting,6536
upstairs,6537
ur,6538
urgency,6539
urgent,6540
us,6541
usa,6542
usable,6543
usage,6544
usecant,6545
used,6546
useful,6547
usefuland,6548
usefulness,6549
useless,6550
user,6551
userfriendly,6552
users,6553
usersif,6554
uses,6555
useshe,6556
usewould,6557
using,6558
usual,6559
usually,6560
usurious,6561
utilize,6562
utilizing,6563
utmost,6564
uverse,6565
vabeatsjblue,6566
vac,6567
vacate,6568
vacatinn,6569
vacation,6570
vacations,6571
vacuum,6572
vague,6573
vaileagle,6574
valid,6575
validity,6576
valley,6577
valuable,6578
value,6579
values,6580
vancouver,6581
vanished,6582
variations,6583
varies,6584
varieties,6585
variety,6586
various,6587
vary,6588
varying,6589
vday,6590
ve,6591
vegan,6592
vegas,6593
vegetarian,6594
vendor,6595
venezuela,6596
vents,6597
verbal,6598
verification,6599
verifies,6600
verify,6601
verizonwireless,6602
vermont,6603
versatile,6604
versatility,6605
version,6606
versions,6607
viable,6608
vibe,6609
vibrant,6610
vice,6611
vicky,6612
victim,6613
victoria,6614
video,6615
videochat,6616
videos,6617
videosplaying,6618
view,6619
viewers,6620
viewing,6621
views,6622
viiew,6623
viola,6624
violation,6625
vipswagbags,6626
virgin,6627
virginamericayouve,6628
virginatlantic,6629
virginmedia,6630
virgins,6631
virtual,6632
virtually,6633
visa,6634
visible,6635
visibly,6636
vision,6637
visit,6638
visiting,6639
visitors,6640
visors,6641
visual,6642
visualize,6643
visualizing,6644
visually,6645
visuals,6646
vital,6647
vivid,6648
vivint,6649
vodkatonics,6650
voice,6651
voicea,6652
voicemail,6653
voices,6654
voided,6655
volkswagen,6656
volt,6657
volume,6658
volumes,6659
voluntarily,6660
volunteer,6661
volunteers,6662
vomit,6663
voted,6664
voucher,6665
voucherhotel,6666
vouchermiles,6667
vouchers,6668
vouchersno,6669
voyage,6670
vp,6671
vx,6672
wa,6673
wages,6674
wagon,6675
wait,6676
waited,6677
waiting,6678
waitingonapilot,6679
waitlisted,6680
waive,6681
waived,6682
waivers,6683
waiverskeep,6684
waives,6685
waiving,6686
wake,6687
wakes,6688
waking,6689
walk,6690
walked,6691
walking,6692
walks,6693
walkway,6694
wall,6695
wallet,6696
wallpaper,6697
walls,6698
waltdisneyworld,6699
wampb,6700
wanna,6701
wanted,6702
wanting,6703
wantmymoneyback,6704
wants,6705
wantwd,6706
warenty,6707
warmth,6708
warning,6709
warnings,6710
warranty,6711
was,6712
wasappreciated,6713
washed,6714
washing,6715
washington,6716
washingtondc,6717
wasnt,6718
wasnâ,6719
waspaid,6720
waste,6721
wasted,6722
wastedtime,6723
wasteful,6724
wasting,6725
wasy,6726
watch,6727
watched,6728
watches,6729
watching,6730
watchread,6731
water,6732
waterpik,6733
wating,6734
watson,6735
way,6736
wayne,6737
ways,6738
wbroken,6739
wcomputer,6740
wdelays,6741
weak,6742
weaktea,6743
wealth,6744
wearing,6745
wears,6746
weary,6747
weasel,6748
weather,6749
weatherman,6750
web,6751
webalso,6752
weblink,6753
webroot,6754
website,6755
wed,6756
wedding,6757
week,6758
weekend,6759
weeks,6760
weeksbest,6761
weighing,6762
weight,6763
weird,6764
welcomed,6765
welfare,6766
well,6767
wellbeing,6768
welldone,6769
wellfeels,6770
wemo,6771
were,6772
werent,6773
western,6774
wet,6775
weve,6776
weâ,6777
weî,6778
wfi,6779
whacked,6780
whatacluster,6781
whatgives,6782
whatstatus,6783
whatstheholdup,6784
whatî,6785
wheel,6786
wheelchair,6787
wheelchairs,6788
wheels,6789
whereabouts,6790
wheresthepilot,6791
whichisworsedenordfw,6792
whipped,6793
whistles,6794
white,6795
whitterbug,6796
whyjeff,6797
willing,6798
willingness,6799
wilson,6800
win,6801
wind,6802
windchill,6803
window,6804
windows,6805
winds,6806
wine,6807
wing,6808
wings,6809
wink,6810
winner,6811
winners,6812
winning,6813
winnipeg,6814
wins,6815
winston,6816
winter,6817
winwin,6818
wipe,6819
wiped,6820
wipes,6821
wire,6822
wired,6823
wireless,6824
wirelessly,6825
wires,6826
wise,6827
wish,6828
wishing,6829
withstand,6830
withunderstandably,6831
witness,6832
wiz,6833
wizard,6834
wmass,6835
wmiles,6836
wmom,6837
wno,6838
wnonworking,6839
wo,6840
woaw,6841
woeful,6842
woke,6843
woman,6844
won,6845
wonder,6846
wondered,6847
wonderful,6848
wonderfully,6849
wondering,6850
wonders,6851
wonked,6852
wont,6853
wonâ,6854
woo,6855
word,6856
worded,6857
words,6858
wore,6859
work,6860
worked,6861
worker,6862
workers,6863
workersinstead,6864
workforce,6865
workin,6866
working,6867
workingcooking,6868
workingï,6869
workits,6870
works,6871
worksthis,6872
world,6873
worldhungry,6874
worlds,6875
wormwonî,6876
worn,6877
worried,6878
worries,6879
worry,6880
worrying,6881
worse,6882
worseas,6883
worseoh,6884
worst,6885
worstairline,6886
worstairlineever,6887
worstcustomerservice,6888
worstflightever,6889
worstservice,6890
worth,6891
worthless,6892
worthy,6893
wothers,6894
would,6895
wouldhow,6896
wouldnt,6897
wouldve,6898
wour,6899
wout,6900
woven,6901
wow,6902
wowd,6903
wowit,6904
wpg,6905
wproj,6906
wrap,6907
wrapped,6908
wrapping,6909
wreck,6910
write,6911
writers,6912
writing,6913
written,6914
wrong,6915
wrote,6916
wtf,6917
wtfodds,6918
wth,6919
wthe,6920
wu,6921
wupgrade,6922
wwan,6923
wyoming,6924
xbox,6925
xfinity,6926
xm,6927
xmas,6928
xoxo,6929
ya,6930
yaayy,6931
yall,6932
yard,6933
yay,6934
yea,6935
yeah,6936
yeargot,6937
yearold,6938
yearround,6939
years,6940
yell,6941
yelled,6942
yelling,6943
yep,6944
yes,6945
yesterday,6946
yet,6947
yhzewr,6948
yo,6949
york,6950
youbag,6951
youcouldntmakethis,6952
youd,6953
youdo,6954
youll,6955
young,6956
younger,6957
youngest,6958
youngsters,6959
youragentshavenoclue,6960
youre,6961
youretheworst,6962
youtube,6963
youâ,6964
yummy,6965
yup,6966
zambia,6967
zero,6968
zigbee,6969
zone,6970
